TIMESTAMP,Temp_Avg,RH_Avg,WSpeed_Avg,WSpeed_Max,WDir_Avg,Rain_Tot,Press_Avg,Rad_Avg
2023-03-07 16:00:00,26.99,4.38,2.665,7.35,318.6,0.0,775.209,708.897
2023-03-07 17:00:00,27.07,4.37,2.026,5.89,330.2,0.0,774.817,514.402
2023-03-07 18:00:00,26.58,5.23,3.001,7.92,309.8,0.0,774.739,228.336
2023-03-07 19:00:00,24.79,7.56,3.631,7.64,344.6,0.0,775.37,7.683
2023-03-07 20:00:00,23.11,17.69,3.254,7.3,14.9,0.0,776.37,-2.143
2023-03-07 21:00:00,21.73,26.62,3.661,6.75,344.1,0.0,777.252,-1.718
2023-03-07 22:00:00,20.35,33.35,3.003,6.86,333.1,0.0,778.034,-1.673
2023-03-07 23:00:00,18.84,33.88,2.555,4.98,297.6,0.0,778.527,-1.761
2023-03-08 00:00:00,17.5,36.01,1.63,4.05,267.1,0.0,778.789,-1.945
2023-03-08 01:00:00,15.72,37.58,1.233,2.69,254.6,0.0,778.775,-2.094
2023-03-08 02:00:00,14.74,32.33,1.575,3.51,248.2,0.0,778.32,-2.12
2023-03-08 03:00:00,13.65,32.38,0.789,2.12,223.9,0.0,777.903,-2.195
2023-03-08 04:00:00,12.47,35.26,0.709,1.81,232.0,0.0,777.557,-2.284
2023-03-08 05:00:00,11.4,37.67,0.643,1.5,261.0,0.0,777.357,-2.223
2023-03-08 06:00:00,10.24,41.03,0.524,1.25,248.3,0.0,777.648,-2.088
2023-03-08 07:00:00,10.09,43.38,1.015,1.94,198.0,0.0,778.032,-0.538
2023-03-08 08:00:00,11.92,38.18,0.701,2.17,337.7,0.0,778.619,102.218
2023-03-08 09:00:00,15.36,36.14,1.129,2.7,16.1,0.0,779.41,336.592
2023-03-08 10:00:00,17.39,32.32,1.153,2.56,356.3,0.0,779.83,554.702
2023-03-08 11:00:00,19.62,25.7,1.629,3.83,52.2,0.0,779.859,748.637
2023-03-08 12:00:00,21.62,16.87,1.864,4.38,15.4,0.0,779.342,901.9
2023-03-08 13:00:00,23.47,8.96,2.208,6.39,9.3,0.0,778.383,975.75
2023-03-08 14:00:00,24.59,7.08,2.997,6.53,318.0,0.0,777.404,978.333
2023-03-08 15:00:00,25.53,6.53,3.111,6.93,322.0,0.0,776.378,889.417
2023-03-08 16:00:00,26.22,6.87,3.15,7.58,336.6,0.0,775.6,718.137
2023-03-08 17:00:00,26.18,6.68,3.174,6.38,330.2,0.0,775.237,467.2
2023-03-08 18:00:00,25.76,6.71,3.259,7.16,341.5,0.0,775.126,237.982
2023-03-08 19:00:00,24.5,7.7,2.573,5.4,348.6,0.0,775.43,39.691
2023-03-08 20:00:00,22.96,10.13,3.307,8.53,6.3,0.0,776.153,-2.551
2023-03-08 21:00:00,21.12,19.51,2.429,5.93,10.3,0.0,777.451,-2.069
2023-03-08 22:00:00,19.42,24.27,1.945,3.48,299.5,0.0,778.091,-2.31
2023-03-08 23:00:00,17.27,26.17,1.741,3.76,246.5,0.0,778.481,-2.144
2023-03-09 00:00:00,15.71,29.81,0.828,2.09,232.5,0.0,778.721,-2.362
2023-03-09 01:00:00,14.4,28.06,1.34,2.4,226.3,0.0,778.88,-2.334
2023-03-09 02:00:00,14.01,25.46,1.381,3.39,227.5,0.0,778.539,-2.295
2023-03-09 03:00:00,13.96,24.43,1.88,4.31,233.5,0.0,777.85,-2.271
2023-03-09 04:00:00,13.01,27.42,0.86,2.96,155.2,0.0,777.359,-2.178
2023-03-09 05:00:00,11.27,33.78,0.741,1.63,241.9,0.0,777.306,-1.967
2023-03-09 06:00:00,11.02,33.58,null,1.62,324.5,0.0,777.496,-2.165
2023-03-09 07:00:00,10.5,35.86,null,null,0.0,0.0,777.842,0.043
2023-03-09 08:00:00,11.52,35.17,0.572,1.41,233.3,0.0,778.317,100.856
2023-03-09 09:00:00,16.03,28.94,0.686,2.19,84.0,0.0,778.895,338.708
2023-03-09 10:00:00,17.71,29.97,1.172,3.53,48.3,0.0,779.11,576.43
2023-03-09 11:00:00,20.03,24.67,1.582,4.0,82.2,0.0,778.836,762.133
2023-03-09 12:00:00,21.64,21.43,1.584,3.91,52.6,0.0,778.421,890.667
2023-03-09 13:00:00,23.39,18.85,1.854,4.52,30.1,0.0,777.643,954.983
2023-03-09 14:00:00,24.81,13.74,2.409,6.8,336.7,0.0,776.696,944.35
2023-03-09 15:00:00,25.62,11.91,2.927,6.82,4.2,0.0,775.931,870.578
2023-03-09 16:00:00,26.12,11.12,2.53,7.3,339.1,0.0,775.188,701.282
2023-03-09 17:00:00,26.37,10.92,2.696,6.74,329.0,0.0,774.836,488.262
2023-03-09 18:00:00,26.07,10.16,2.929,6.6,331.2,0.0,774.716,249.84
2023-03-09 19:00:00,24.86,10.64,2.206,5.08,339.1,0.0,774.828,34.857
2023-03-09 20:00:00,23.32,14.21,2.841,9.74,3.8,0.0,775.589,-2.621
2023-03-09 21:00:00,21.8,18.84,3.37,8.28,15.3,0.0,776.759,-1.968
2023-03-09 22:00:00,20.38,16.36,2.351,5.14,342.0,0.0,777.607,-2.379
2023-03-09 23:00:00,19.08,18.65,2.103,5.8,317.9,0.0,778.225,-2.385
2023-03-10 00:00:00,16.76,24.27,1.898,4.13,229.8,0.0,778.444,-2.088
2023-03-10 01:00:00,15.87,21.69,1.907,4.51,229.7,0.0,778.355,-2.364
2023-03-10 02:00:00,15.39,19.53,1.686,3.82,235.5,0.0,778.053,-2.127
2023-03-10 03:00:00,14.59,21.06,0.982,3.79,264.5,0.0,777.743,-1.804
2023-03-10 04:00:00,13.37,25.33,0.48,1.15,225.3,0.0,777.55,-1.888
2023-03-10 05:00:00,11.94,30.9,0.492,1.22,223.8,0.0,777.476,-1.906
2023-03-10 06:00:00,11.49,35.58,0.848,1.48,251.3,0.0,777.637,-1.958
2023-03-10 07:00:00,11.23,41.68,0.621,1.3,305.1,0.0,778.021,0.059
2023-03-10 08:00:00,12.39,42.83,0.855,1.72,196.1,0.0,778.495,98.817
2023-03-10 09:00:00,16.62,31.48,0.618,1.54,146.8,0.0,778.784,332.718
2023-03-10 10:00:00,18.8,27.46,1.321,2.78,56.5,0.0,778.855,570.612
2023-03-10 11:00:00,20.22,24.88,1.85,4.08,25.2,0.0,778.662,743.03
2023-03-10 12:00:00,22.15,18.23,1.987,4.49,16.5,0.0,778.355,871.352
2023-03-10 13:00:00,24.06,11.48,2.095,6.06,64.8,0.0,777.592,952.933
2023-03-10 14:00:00,24.95,11.29,2.21,6.23,344.5,0.0,776.713,944.167
2023-03-10 15:00:00,25.71,10.24,2.329,6.12,25.9,0.0,775.791,848.693
2023-03-10 16:00:00,26.12,8.7,2.866,7.23,38.0,0.0,774.933,721.61
2023-03-10 17:00:00,26.41,8.39,2.247,6.46,320.4,0.0,774.483,465.897
2023-03-10 18:00:00,26.15,8.46,2.506,5.76,327.0,0.0,774.536,250.098
2023-03-10 19:00:00,24.5,12.67,3.667,7.76,346.1,0.0,775.034,18.701
2023-03-10 20:00:00,22.37,17.97,3.914,9.48,9.8,0.0,776.069,-1.613
2023-03-10 21:00:00,20.85,16.42,2.89,6.66,349.7,0.0,776.726,-1.997
2023-03-10 22:00:00,19.96,18.49,1.728,4.75,328.7,0.0,777.176,-1.966
2023-03-10 23:00:00,18.52,20.09,1.533,2.76,285.7,0.0,777.638,-2.048
2023-03-11 00:00:00,16.87,27.21,1.594,3.34,240.3,0.0,777.572,-1.922
2023-03-11 01:00:00,15.73,29.78,1.124,3.28,238.6,0.0,777.386,-2.069
2023-03-11 02:00:00,14.58,35.68,0.823,1.39,279.6,0.0,777.229,-2.024
2023-03-11 03:00:00,13.3,40.9,0.537,1.36,255.1,0.0,777.014,-1.928
2023-03-11 04:00:00,12.96,41.73,1.209,2.27,295.2,0.0,776.792,-2.19
2023-03-11 05:00:00,12.69,40.08,1.138,3.05,220.3,0.0,776.81,-1.964
2023-03-11 06:00:00,11.87,42.35,0.706,1.61,229.3,0.0,776.936,-1.97
2023-03-11 07:00:00,11.23,42.72,0.808,1.95,231.5,0.0,777.185,0.173
2023-03-11 08:00:00,12.46,40.92,0.712,1.65,184.2,0.0,777.722,100.714
2023-03-11 09:00:00,16.38,34.87,0.585,1.88,48.6,0.0,778.187,337.252
2023-03-11 10:00:00,18.15,33.8,1.402,3.57,56.3,0.0,778.291,579.46
2023-03-11 11:00:00,20.24,27.95,2.064,4.3,64.8,0.0,778.088,769.59
2023-03-11 12:00:00,22.05,20.13,2.045,4.24,18.4,0.0,777.537,898.2
2023-03-11 13:00:00,23.92,15.65,1.898,4.55,346.2,0.0,776.666,954.583
2023-03-11 14:00:00,25.12,13.56,2.249,6.02,326.3,0.0,775.633,938.3
2023-03-11 15:00:00,25.54,13.88,2.71,6.71,62.1,0.0,774.694,702.445
2023-03-11 16:00:00,24.87,14.94,1.823,5.26,112.4,0.0,774.002,142.287
2023-03-11 17:00:00,24.69,14.9,1.731,3.61,141.6,0.0,773.7,104.157
2023-03-11 18:00:00,23.16,18.09,3.503,10.12,282.0,0.0,774.316,48.915
2023-03-11 19:00:00,20.78,25.43,3.929,12.86,250.0,0.0,775.645,1.071
2023-03-11 20:00:00,17.45,41.76,4.375,11.67,274.2,0.0,777.037,-1.858
2023-03-11 21:00:00,17.55,40.62,2.337,5.89,55.4,0.0,777.399,-1.45
2023-03-11 22:00:00,16.42,45.18,1.849,4.93,205.7,0.0,777.809,-1.725
2023-03-11 23:00:00,15.89,44.05,1.397,4.2,230.8,0.0,777.339,-1.694
2023-03-12 00:00:00,15.56,44.25,1.172,2.42,301.9,0.0,777.289,-1.687
2023-03-12 01:00:00,15.25,47.26,1.476,2.36,284.5,0.0,777.387,-1.703
2023-03-12 02:00:00,14.61,43.46,1.091,3.52,213.3,0.0,776.941,-1.696
2023-03-12 03:00:00,13.39,48.58,0.692,1.55,243.9,0.0,776.318,-1.649
2023-03-12 04:00:00,12.67,51.25,0.711,2.25,137.4,0.0,776.015,-1.916
2023-03-12 05:00:00,12.35,53.53,1.016,2.08,234.7,0.0,776.237,-1.738
2023-03-12 06:00:00,11.31,57.75,0.795,1.59,182.2,0.0,776.576,-1.701
2023-03-12 07:00:00,10.89,59.08,0.737,1.9,235.1,0.0,776.963,0.597
2023-03-12 08:00:00,12.06,54.84,0.663,1.88,226.6,0.0,777.303,101.936
2023-03-12 09:00:00,16.52,40.92,0.786,2.27,35.8,0.0,777.585,336.085
2023-03-12 10:00:00,18.36,35.75,1.662,3.52,66.0,0.0,777.943,562.873
2023-03-12 11:00:00,20.51,29.33,1.571,3.5,29.7,0.0,777.786,742.24
2023-03-12 12:00:00,22.26,24.2,2.366,6.12,27.6,0.0,777.131,861.863
2023-03-12 13:00:00,23.24,21.13,2.114,5.15,102.6,0.0,776.301,619.682
2023-03-12 14:00:00,23.12,20.99,3.136,6.2,140.6,0.0,775.516,287.213
2023-03-12 15:00:00,21.22,19.16,6.161,14.73,175.9,0.0,775.124,63.164
2023-03-12 16:00:00,16.74,36.28,7.787,16.58,199.9,0.0,775.608,64.279
2023-03-12 17:00:00,16.23,39.17,2.52,7.7,277.1,0.0,777.147,74.406
2023-03-12 18:00:00,17.41,35.46,1.722,5.51,226.2,0.0,777.022,71.926
2023-03-12 19:00:00,16.8,37.6,2.195,8.98,209.0,0.0,776.714,13.831
2023-03-12 20:00:00,16.42,40.68,2.953,6.66,345.7,0.0,778.552,-1.228
2023-03-12 21:00:00,15.54,45.43,1.711,4.59,284.6,0.0,779.605,-1.434
2023-03-12 22:00:00,14.84,47.93,1.306,3.12,247.3,0.0,779.786,-1.324
2023-03-12 23:00:00,14.13,50.71,1.808,4.4,216.6,0.0,779.577,-1.207
2023-03-13 00:00:00,13.75,50.33,1.424,3.98,198.6,0.0,779.161,-1.236
2023-03-13 01:00:00,14.01,49.07,0.668,2.64,292.4,0.0,778.818,-1.192
2023-03-13 02:00:00,12.97,51.37,1.34,3.73,225.0,0.0,778.31,-1.585
2023-03-13 03:00:00,13.13,49.59,1.283,4.06,193.2,0.0,777.556,-1.445
2023-03-13 04:00:00,12.41,54.31,1.021,2.36,226.5,0.0,777.325,-1.309
2023-03-13 05:00:00,11.68,56.66,0.98,2.2,274.6,0.0,777.245,-1.514
2023-03-13 06:00:00,11.4,55.92,1.706,3.77,227.5,0.0,777.708,-1.612
2023-03-13 07:00:00,11.1,54.2,1.236,3.17,237.7,0.0,778.025,2.073
2023-03-13 08:00:00,12.23,48.8,1.179,2.56,270.7,0.0,778.487,106.28
2023-03-13 09:00:00,15.91,39.34,0.802,2.48,318.4,0.0,778.716,314.775
2023-03-13 10:00:00,17.66,35.23,1.249,2.92,73.7,0.0,778.752,561.633
2023-03-13 11:00:00,19.39,30.02,1.799,4.3,4.1,0.0,778.476,768.418
2023-03-13 12:00:00,20.73,26.81,1.98,4.92,349.9,0.0,777.932,866.352
2023-03-13 13:00:00,22.36,22.66,2.183,5.09,41.9,0.0,777.041,891.162
2023-03-13 14:00:00,22.41,22.07,4.423,11.89,148.1,0.0,776.226,676.42
2023-03-13 15:00:00,20.67,25.69,4.863,12.37,182.0,0.0,775.771,245.785
2023-03-13 16:00:00,18.99,29.91,4.977,12.47,206.7,0.0,775.597,155.845
2023-03-13 17:00:00,19.08,29.35,5.317,11.13,267.2,0.0,775.682,108.541
2023-03-13 18:00:00,18.63,30.56,2.914,11.3,239.4,0.0,775.893,72.899
2023-03-13 19:00:00,18.25,30.62,2.149,5.82,208.4,0.0,776.281,10.398
2023-03-13 20:00:00,17.98,30.88,1.39,3.48,174.5,0.0,777.149,-1.269
2023-03-13 21:00:00,17.6,33.29,2.113,5.66,234.5,0.0,777.964,-1.267
2023-03-13 22:00:00,16.46,41.54,3.224,8.29,318.8,0.0,779.111,-1.163
2023-03-13 23:00:00,15.15,49.71,2.586,7.76,343.6,0.0,779.716,-1.159
2023-03-14 00:00:00,14.34,50.26,1.105,2.2,148.3,0.0,779.557,-1.596
2023-03-14 01:00:00,13.7,54.22,1.701,4.38,142.1,0.0,779.112,-1.756
2023-03-14 02:00:00,13.06,58.97,0.981,2.11,194.6,0.0,778.514,-1.39
2023-03-14 03:00:00,12.61,54.67,1.002,2.38,254.0,0.0,777.887,-1.228
2023-03-14 04:00:00,11.58,57.91,0.929,2.25,206.8,0.0,777.58,-1.607
2023-03-14 05:00:00,10.85,61.58,0.889,1.77,266.7,0.0,777.54,-1.676
2023-03-14 06:00:00,9.93,64.77,null,null,0.0,0.0,777.914,-1.822
2023-03-14 07:00:00,9.69,65.04,null,null,0.0,0.0,778.378,1.077
2023-03-14 08:00:00,11.44,58.81,0.373,1.04,239.7,0.0,778.923,115.96
2023-03-14 09:00:00,15.24,47.19,0.796,2.61,129.1,0.0,779.401,338.813
2023-03-14 10:00:00,16.8,42.11,1.289,3.24,29.7,0.0,779.597,579.22
2023-03-14 11:00:00,19.13,34.5,1.788,4.63,22.4,0.0,779.574,751.197
2023-03-14 12:00:00,20.75,28.39,1.91,4.98,21.4,0.0,778.969,871.538
2023-03-14 13:00:00,22.01,24.7,2.817,8.86,104.0,0.0,778.123,802.33
2023-03-14 14:00:00,21.05,26.49,4.732,10.79,167.8,0.0,777.617,508.78
2023-03-14 15:00:00,20.74,26.38,5.528,11.23,202.0,0.0,777.043,693.278
2023-03-14 16:00:00,19.29,32.28,4.412,12.24,276.0,0.0,777.26,194.783
2023-03-14 17:00:00,16.93,40.48,4.504,14.38,274.0,0.0,777.458,108.225
2023-03-14 18:00:00,17.56,40.59,1.54,4.97,273.1,0.0,777.783,65.027
2023-03-14 19:00:00,18.03,37.54,2.841,7.99,121.6,0.0,777.794,11.469
2023-03-14 20:00:00,17.21,39.16,1.71,4.99,142.9,0.0,778.321,-1.546
2023-03-14 21:00:00,16.55,41.98,1.191,2.32,206.8,0.0,778.837,-1.218
2023-03-14 22:00:00,16.51,43.72,1.436,3.8,329.3,0.0,779.528,-1.257
2023-03-14 23:00:00,15.88,46.15,1.413,3.5,315.9,0.0,779.932,-1.397
2023-03-15 00:00:00,14.33,54.19,1.116,4.14,185.7,0.0,780.23,-1.452
2023-03-15 01:00:00,14.23,53.92,1.568,3.67,294.9,0.0,780.24,-1.166
2023-03-15 02:00:00,14.28,53.66,1.381,2.92,285.0,0.0,780.012,-0.989
2023-03-15 03:00:00,14.21,54.08,1.761,5.39,302.3,0.0,779.653,-1.033
2023-03-15 04:00:00,13.06,61.68,3.548,7.81,320.6,0.0,779.721,-0.3
2023-03-15 05:00:00,11.73,69.33,2.854,6.09,294.6,0.0,779.954,-1.014
2023-03-15 06:00:00,11.27,71.02,1.389,4.02,260.9,0.0,780.066,-1.526
2023-03-15 07:00:00,10.62,73.06,null,1.31,324.3,0.0,780.123,0.14
2023-03-15 08:00:00,11.49,65.84,0.656,1.73,184.4,0.0,780.204,70.874
2023-03-15 09:00:00,13.95,56.72,1.523,3.46,135.9,0.0,780.317,288.085
2023-03-15 10:00:00,15.86,49.93,1.106,3.11,33.6,0.0,780.322,403.278
2023-03-15 11:00:00,18.39,40.84,1.756,4.24,21.8,0.0,780.054,753.397
2023-03-15 12:00:00,20.29,31.63,2.041,4.73,49.6,0.0,779.63,723.303
2023-03-15 13:00:00,19.98,30.97,2.72,10.78,98.9,0.0,779.1,267.374
2023-03-15 14:00:00,15.41,54.76,4.17,10.59,126.0,0.5,779.385,147.583
2023-03-15 15:00:00,12.96,75.72,2.986,6.41,142.7,1.4,779.261,173.76
2023-03-15 16:00:00,15.02,60.88,2.481,6.72,128.5,0.0,778.491,345.042
2023-03-15 17:00:00,17.44,44.97,1.105,2.93,321.4,0.0,777.85,335.45
2023-03-15 18:00:00,16.02,54.61,3.915,8.41,344.1,0.0,778.281,44.708
2023-03-15 19:00:00,12.8,78.54,2.792,7.99,310.7,3.3,779.078,3.472
2023-03-15 20:00:00,12.4,80.89,1.783,5.88,347.9,0.0,779.667,-1.264
2023-03-15 21:00:00,11.48,88.17,2.354,6.2,75.3,1.6,780.836,-0.512
2023-03-15 22:00:00,9.84,91.63,null,4.13,336.2,2.3,781.7,-0.585
2023-03-15 23:00:00,9.88,91.98,1.381,3.58,201.9,0.0,781.404,-1.056
2023-03-16 00:00:00,10.19,92.27,0.927,1.8,219.4,0.0,781.22,-1.007
2023-03-16 01:00:00,10.34,88.88,0.93,1.71,252.5,0.0,780.891,-1.159
2023-03-16 02:00:00,10.15,89.74,0.684,1.57,238.8,0.0,780.333,-1.191
2023-03-16 03:00:00,9.72,88.31,0.905,1.62,220.7,0.1,779.749,-1.193
2023-03-16 04:00:00,9.48,90.5,0.559,1.68,215.0,0.0,779.336,-1.08
2023-03-16 05:00:00,9.66,90.0,0.799,2.04,161.8,0.0,779.011,-1.151
2023-03-16 06:00:00,9.57,87.9,1.432,3.34,146.4,0.0,779.222,-1.096
2023-03-16 07:00:00,9.35,90.84,1.27,1.95,169.1,0.0,779.368,1.943
2023-03-16 08:00:00,10.91,80.09,0.728,2.54,163.6,0.0,779.381,140.566
2023-03-16 09:00:00,12.89,66.31,1.107,2.63,67.4,0.0,779.522,330.553
2023-03-16 10:00:00,14.61,57.38,1.479,3.65,79.1,0.0,779.456,616.275
2023-03-16 11:00:00,17.86,41.06,1.49,3.68,37.9,0.0,779.29,817.14
2023-03-16 12:00:00,19.95,28.47,2.15,5.51,33.4,0.0,778.736,885.712
2023-03-16 13:00:00,20.55,22.71,2.027,6.48,315.5,0.0,777.875,679.583
2023-03-16 14:00:00,21.38,21.48,2.357,6.29,323.3,0.0,776.987,817.075
2023-03-16 15:00:00,20.93,28.03,4.685,10.27,264.0,0.0,776.388,661.417
2023-03-16 16:00:00,17.32,37.86,4.984,11.89,196.8,0.0,776.492,249.403
2023-03-16 17:00:00,17.16,38.03,3.753,9.03,179.4,0.0,776.572,241.817
2023-03-16 18:00:00,16.63,40.87,4.08,8.12,168.3,0.0,776.644,87.967
2023-03-16 19:00:00,16.36,43.1,1.338,4.02,181.2,0.0,776.789,15.91
2023-03-16 20:00:00,16.71,39.66,2.583,6.25,192.7,0.0,777.03,-1.204
2023-03-16 21:00:00,16.64,40.8,1.088,3.59,80.9,0.0,777.655,-1.228
2023-03-16 22:00:00,15.76,44.56,0.929,3.07,309.0,0.0,778.271,-1.444
2023-03-16 23:00:00,14.56,48.17,1.378,4.15,211.5,0.0,778.491,-1.666
2023-03-17 00:00:00,13.17,54.11,0.736,2.56,223.2,0.0,778.324,-1.586
2023-03-17 01:00:00,12.07,59.3,0.857,2.7,217.2,0.0,778.107,-1.767
2023-03-17 02:00:00,10.6,64.07,0.94,2.3,214.8,0.0,777.87,-1.691
2023-03-17 03:00:00,10.79,64.44,0.822,1.9,191.3,0.0,777.394,-1.247
2023-03-17 04:00:00,9.85,68.85,0.705,1.53,176.1,0.0,777.082,-1.604
2023-03-17 05:00:00,9.25,72.27,0.744,1.34,223.4,0.0,777.075,-1.715
2023-03-17 06:00:00,8.54,74.54,1.194,2.39,292.7,0.0,777.252,-1.689
2023-03-17 07:00:00,8.27,72.9,null,null,0.0,0.0,777.66,2.331
2023-03-17 08:00:00,10.07,66.86,1.193,2.34,169.1,0.0,778.171,123.623
2023-03-17 09:00:00,14.38,50.85,0.794,2.13,115.5,0.0,778.573,368.038
2023-03-17 10:00:00,16.38,42.99,1.289,3.27,68.1,0.0,778.751,609.297
2023-03-17 11:00:00,18.2,37.07,1.402,3.5,40.6,0.0,778.455,799.268
2023-03-17 12:00:00,19.49,31.83,2.047,5.12,29.7,0.0,777.897,945.867
2023-03-17 13:00:00,20.9,26.12,2.01,5.28,58.8,0.0,777.023,1021.633
2023-03-17 14:00:00,22.12,24.2,2.226,6.2,86.1,0.0,776.012,982.25
2023-03-17 15:00:00,23.15,21.77,2.559,6.94,84.2,0.0,775.018,968.817
2023-03-17 16:00:00,22.87,27.76,4.278,11.18,144.2,0.0,774.201,663.182
2023-03-17 17:00:00,22.62,28.25,3.735,8.53,158.9,0.0,773.906,458.527
2023-03-17 18:00:00,21.3,30.35,3.709,9.19,140.2,0.0,774.102,55.226
2023-03-17 19:00:00,19.45,35.22,2.661,8.46,221.3,0.0,774.688,13.349
2023-03-17 20:00:00,18.57,35.57,2.539,5.58,185.0,0.0,775.364,-1.887
2023-03-17 21:00:00,18.11,35.31,2.231,5.15,192.7,0.0,776.079,-1.892
2023-03-17 22:00:00,17.59,37.41,1.787,4.85,240.4,0.0,776.486,-1.838
2023-03-17 23:00:00,17.07,41.08,2.087,5.42,331.1,0.0,777.129,-1.535
2023-03-18 00:00:00,16.4,44.7,2.054,7.1,157.5,0.0,777.36,-1.444
2023-03-18 01:00:00,15.34,51.24,3.075,9.39,149.9,0.0,777.038,-1.4
2023-03-18 02:00:00,14.31,55.21,1.893,4.14,154.5,0.0,776.609,-1.676
2023-03-18 03:00:00,13.07,60.86,0.928,2.16,270.5,0.0,776.235,-1.549
2023-03-18 04:00:00,11.9,65.84,0.923,2.61,234.0,0.0,776.129,-1.62
2023-03-18 05:00:00,11.51,67.71,0.805,1.72,251.5,0.0,776.127,-1.62
2023-03-18 06:00:00,10.86,69.8,0.867,2.2,246.5,0.0,776.422,-1.624
2023-03-18 07:00:00,10.59,71.05,0.912,1.92,254.3,0.0,776.924,2.384
2023-03-18 08:00:00,11.82,65.98,0.834,1.9,257.1,0.0,777.364,115.571
2023-03-18 09:00:00,15.2,53.94,1.001,3.63,52.6,0.0,777.834,354.775
2023-03-18 10:00:00,16.65,48.38,1.562,3.3,54.8,0.0,778.084,598.542
2023-03-18 11:00:00,18.5,40.63,1.686,4.07,33.1,0.0,777.865,803.525
2023-03-18 12:00:00,19.92,37.17,1.955,5.33,69.2,0.0,777.238,818.032
2023-03-18 13:00:00,20.74,35.37,2.119,6.06,120.8,0.0,776.291,710.737
2023-03-18 14:00:00,20.27,36.84,1.933,6.03,152.1,0.0,775.429,192.74
2023-03-18 15:00:00,21.71,30.65,3.954,11.69,165.0,0.0,774.606,663.908
2023-03-18 16:00:00,21.83,31.36,5.586,12.23,163.3,0.0,774.185,685.125
2023-03-18 17:00:00,20.34,34.75,5.264,12.23,168.0,0.0,774.266,302.297
2023-03-18 18:00:00,19.82,35.65,3.308,8.68,187.0,0.0,774.715,263.545
2023-03-18 19:00:00,18.88,33.04,2.621,8.67,183.5,0.0,775.209,49.962
2023-03-18 20:00:00,17.76,36.65,1.346,3.81,213.8,0.0,775.872,-1.997
2023-03-18 21:00:00,17.53,37.56,1.505,4.55,214.3,0.0,776.541,-1.843
2023-03-18 22:00:00,16.56,40.86,1.133,2.84,257.0,0.0,777.099,-1.82
2023-03-18 23:00:00,15.55,43.45,0.924,3.37,148.6,0.0,777.727,-2.016
2023-03-19 00:00:00,14.7,49.81,1.755,3.71,24.9,0.0,778.237,-1.908
2023-03-19 01:00:00,13.69,64.97,2.176,4.72,315.9,0.0,778.352,-1.432
2023-03-19 02:00:00,12.86,67.9,2.179,4.91,311.4,0.0,778.413,-1.489
2023-03-19 03:00:00,12.43,68.02,1.549,3.37,297.8,0.0,778.151,-1.263
2023-03-19 04:00:00,11.99,69.97,1.669,4.01,317.3,0.0,778.129,-1.286
2023-03-19 05:00:00,11.31,73.02,1.513,3.09,336.3,0.0,778.239,-1.311
2023-03-19 06:00:00,10.85,75.75,1.144,2.65,329.5,0.0,778.385,-1.3
2023-03-19 07:00:00,10.22,78.94,1.092,2.88,335.6,0.0,778.778,2.805
2023-03-19 08:00:00,10.77,77.01,1.375,2.97,29.9,0.0,779.37,121.357
2023-03-19 09:00:00,12.36,69.42,1.729,3.77,49.2,0.0,779.925,371.852
2023-03-19 10:00:00,14.14,61.28,2.487,5.72,29.3,0.0,780.058,616.342
2023-03-19 11:00:00,16.8,46.65,2.924,8.88,24.8,0.0,779.532,810.207
2023-03-19 12:00:00,19.21,30.2,3.072,7.86,100.8,0.0,778.87,857.212
2023-03-19 13:00:00,20.11,26.9,2.23,5.14,96.3,0.0,778.195,909.822
2023-03-19 14:00:00,21.32,23.67,1.966,5.59,18.9,0.0,777.17,696.163
2023-03-19 15:00:00,21.39,24.61,3.709,10.12,218.2,0.0,776.419,596.888
2023-03-19 16:00:00,21.57,25.81,4.463,11.0,209.4,0.0,776.04,676.957
2023-03-19 17:00:00,20.51,31.32,5.393,12.84,179.8,0.0,775.962,509.947
2023-03-19 18:00:00,19.41,38.2,4.106,9.18,273.3,0.0,776.625,229.277
2023-03-19 19:00:00,17.42,48.42,3.245,7.05,333.0,0.0,777.34,46.441
2023-03-19 20:00:00,15.79,52.34,3.25,6.46,328.5,0.0,778.111,-1.189
2023-03-19 21:00:00,14.11,55.9,2.714,6.18,322.8,0.0,778.982,-1.372
2023-03-19 22:00:00,12.38,59.65,3.534,7.26,334.0,0.0,779.999,-1.174
2023-03-19 23:00:00,11.23,63.45,2.044,5.81,343.9,0.0,780.725,-1.506
2023-03-20 00:00:00,10.5,67.35,0.598,2.33,244.0,0.0,780.555,-1.79
2023-03-20 01:00:00,9.87,68.51,1.194,2.79,173.4,0.0,780.055,-1.954
2023-03-20 02:00:00,9.36,70.37,0.728,1.99,250.1,0.0,779.266,-1.91
2023-03-20 03:00:00,8.41,74.55,0.758,2.39,252.4,0.0,778.418,-1.866
2023-03-20 04:00:00,8.22,75.7,null,null,0.0,0.0,777.798,-1.886
2023-03-20 05:00:00,8.16,76.92,null,null,0.0,0.0,777.458,-1.911
2023-03-20 06:00:00,8.17,77.15,null,null,0.0,0.0,777.851,-1.952
2023-03-20 07:00:00,7.5,79.68,null,null,0.0,0.0,778.337,3.993
2023-03-20 08:00:00,9.68,69.92,0.596,1.44,301.6,0.0,778.865,141.76
2023-03-20 09:00:00,12.4,57.57,1.071,2.48,48.0,0.0,779.427,396.368
2023-03-20 10:00:00,14.87,47.58,1.221,2.59,48.8,0.0,779.721,635.79
2023-03-20 11:00:00,17.45,39.74,1.389,4.02,82.7,0.0,779.368,824.787
2023-03-20 12:00:00,20.06,30.58,2.735,8.78,77.4,0.0,778.755,968.833
2023-03-20 13:00:00,21.15,28.95,4.117,10.05,109.9,0.0,778.039,1028.733
2023-03-20 14:00:00,22.19,26.44,4.322,8.49,130.3,0.0,777.027,1013.65
2023-03-20 15:00:00,23.33,24.17,3.08,8.03,158.7,0.0,776.185,930.05
2023-03-20 16:00:00,24.0,20.84,2.949,7.06,287.0,0.0,775.525,785.675
2023-03-20 17:00:00,23.79,24.32,3.111,7.78,266.5,0.0,775.092,484.2
2023-03-20 18:00:00,22.77,26.16,2.85,7.29,247.1,0.0,775.436,247.435
2023-03-20 19:00:00,20.47,33.91,3.363,8.06,178.1,0.0,776.146,47.054
2023-03-20 20:00:00,18.57,38.54,2.302,5.03,183.9,0.0,776.803,-1.69
2023-03-20 21:00:00,17.94,39.3,1.379,3.95,190.1,0.0,777.6,-1.996
2023-03-20 22:00:00,17.0,41.96,0.634,1.76,255.9,0.0,778.46,-1.99
2023-03-20 23:00:00,16.08,43.05,0.97,2.79,228.9,0.0,779.003,-2.062
2023-03-21 00:00:00,15.1,45.25,0.747,2.75,235.0,0.0,779.024,-1.975
2023-03-21 01:00:00,14.87,43.78,1.164,4.35,172.7,0.0,778.798,-2.206
2023-03-21 02:00:00,14.16,47.1,0.84,2.2,277.0,0.0,778.412,-1.812
2023-03-21 03:00:00,13.0,51.18,1.091,2.57,270.7,0.0,778.064,-1.767
2023-03-21 04:00:00,11.81,56.09,0.811,2.04,203.4,0.0,778.196,-1.87
2023-03-21 05:00:00,10.99,54.79,0.906,2.27,218.1,0.0,778.229,-2.006
2023-03-21 06:00:00,10.28,57.4,0.884,1.83,276.3,0.0,778.664,-1.921
2023-03-21 07:00:00,9.65,59.2,1.019,2.28,217.9,0.0,779.308,3.996
2023-03-21 08:00:00,12.82,48.94,0.76,1.86,175.1,0.0,779.654,147.663
2023-03-21 09:00:00,16.1,40.21,0.981,2.68,325.5,0.0,780.227,401.625
2023-03-21 10:00:00,17.41,37.37,1.622,3.8,7.5,0.0,780.652,642.4
2023-03-21 11:00:00,19.5,26.3,1.904,4.42,87.5,0.0,780.447,847.238
2023-03-21 12:00:00,21.63,19.19,2.146,5.03,71.5,0.0,779.914,977.833
2023-03-21 13:00:00,22.97,16.88,2.035,5.5,10.4,0.0,779.151,1029.517
2023-03-21 14:00:00,23.87,15.71,2.46,5.86,36.7,0.0,778.232,1003.017
2023-03-21 15:00:00,24.51,15.28,2.12,5.23,69.0,0.0,777.431,904.7
2023-03-21 16:00:00,25.5,14.8,1.969,4.27,82.2,0.0,776.771,710.048
2023-03-21 17:00:00,25.76,13.64,1.879,8.5,78.5,0.0,776.382,474.47
2023-03-21 18:00:00,24.27,24.73,2.678,5.8,183.1,0.0,776.532,218.903
2023-03-21 19:00:00,22.24,32.09,2.44,5.26,134.9,0.0,776.997,25.888
2023-03-21 20:00:00,20.26,36.49,1.394,3.02,151.5,0.0,777.668,-1.893
2023-03-21 21:00:00,19.13,38.59,1.254,2.37,146.5,0.0,778.397,-2.224
2023-03-21 22:00:00,17.97,41.98,0.852,2.27,223.5,0.0,779.254,-1.954
2023-03-21 23:00:00,16.71,44.67,0.935,2.52,261.6,0.0,779.693,-1.851
2023-03-22 00:00:00,15.66,48.08,0.668,1.39,296.4,0.0,780.105,-1.816
2023-03-22 01:00:00,14.32,52.63,0.704,1.93,242.2,0.0,780.179,-1.775
2023-03-22 02:00:00,14.21,50.55,1.126,2.73,220.4,0.0,779.835,-1.903
2023-03-22 03:00:00,13.35,53.98,0.653,1.48,242.4,0.0,779.478,-1.723
2023-03-22 04:00:00,12.26,56.8,0.52,1.39,206.3,0.0,779.032,-1.762
2023-03-22 05:00:00,11.87,58.58,0.746,1.45,194.4,0.0,779.039,-1.847
2023-03-22 06:00:00,11.28,60.51,0.62,1.29,232.9,0.0,779.332,-1.713
2023-03-22 07:00:00,10.66,62.14,0.47,1.12,239.5,0.0,779.924,5.453
2023-03-22 08:00:00,13.31,51.39,0.51,1.28,188.2,0.0,780.549,139.433
2023-03-22 09:00:00,16.87,39.95,0.888,2.29,34.2,0.0,781.011,377.808
2023-03-22 10:00:00,18.9,35.16,1.252,2.87,44.0,0.0,781.253,618.475
2023-03-22 11:00:00,20.98,29.72,1.582,3.78,40.8,0.0,781.151,817.607
2023-03-22 12:00:00,22.7,23.94,2.058,4.55,88.6,0.0,780.77,962.083
2023-03-22 13:00:00,23.7,20.73,2.355,5.5,333.1,0.0,779.948,1011.783
2023-03-22 14:00:00,24.84,17.71,2.201,5.05,23.8,0.0,778.932,988.317
2023-03-22 15:00:00,25.56,15.52,2.675,6.57,350.5,0.0,777.923,887.724
2023-03-22 16:00:00,26.27,12.92,2.43,5.43,102.9,0.0,777.156,721.79
2023-03-22 17:00:00,26.41,12.51,1.948,5.23,120.4,0.0,776.874,501.545
2023-03-22 18:00:00,25.78,16.52,3.093,8.2,201.4,0.0,776.698,241.977
2023-03-22 19:00:00,23.01,23.12,4.092,8.19,167.3,0.0,777.058,30.087
2023-03-22 20:00:00,21.6,24.34,2.494,6.03,223.3,0.0,777.955,-1.802
2023-03-22 21:00:00,21.42,23.69,2.075,5.44,229.3,0.0,778.851,-1.917
2023-03-22 22:00:00,19.87,28.97,1.253,3.24,261.3,0.0,779.533,-1.817
2023-03-22 23:00:00,18.52,31.67,1.417,2.76,201.7,0.0,780.107,-2.09
2023-03-23 00:00:00,16.84,34.78,1.033,2.76,249.0,0.0,780.239,-1.691
2023-03-23 01:00:00,16.75,31.81,1.845,3.91,172.5,0.0,780.305,-2.641
2023-03-23 02:00:00,17.29,27.65,2.511,5.3,161.9,0.0,779.942,-2.276
2023-03-23 03:00:00,15.54,33.29,0.962,3.45,222.1,0.0,779.387,-1.693
2023-03-23 04:00:00,13.56,41.67,0.818,1.64,276.9,0.0,779.069,-1.701
2023-03-23 05:00:00,12.74,44.0,0.595,1.69,227.5,0.0,778.951,-1.82
2023-03-23 06:00:00,11.95,46.93,0.477,1.16,195.6,0.0,779.139,-1.888
2023-03-23 07:00:00,11.25,50.17,0.553,1.07,196.8,0.0,779.6,5.715
2023-03-23 08:00:00,13.4,41.91,0.725,1.57,168.2,0.0,780.131,145.609
2023-03-23 09:00:00,17.1,34.27,0.814,1.92,85.4,0.0,780.672,394.088
2023-03-23 10:00:00,19.24,29.83,1.441,3.81,44.4,0.0,780.833,636.185
2023-03-23 11:00:00,21.36,25.77,1.473,3.56,41.8,0.0,780.574,738.73
2023-03-23 12:00:00,23.04,21.95,2.093,5.38,56.8,0.0,780.031,984.667
2023-03-23 13:00:00,24.41,16.29,2.124,4.45,30.5,0.0,779.174,1031.267
2023-03-23 14:00:00,25.34,13.86,2.204,6.18,29.3,0.0,778.115,948.755
2023-03-23 15:00:00,26.06,13.36,2.569,6.06,26.5,0.0,777.165,845.355
2023-03-23 16:00:00,26.8,13.19,1.767,4.06,69.1,0.0,776.346,684.478
2023-03-23 17:00:00,26.43,14.86,1.652,4.79,156.3,0.0,775.811,264.773
2023-03-23 18:00:00,24.92,24.37,2.864,6.35,184.1,0.0,775.813,131.935
2023-03-23 19:00:00,23.09,31.26,2.887,6.96,190.8,0.0,776.132,22.441
2023-03-23 20:00:00,21.8,33.8,1.239,3.42,198.7,0.0,776.952,-1.641
2023-03-23 21:00:00,20.94,34.01,1.372,3.44,254.0,0.0,778.004,-1.606
2023-03-23 22:00:00,20.85,33.77,2.518,8.04,296.7,0.0,778.89,-1.497
2023-03-23 23:00:00,19.29,41.18,2.397,5.4,288.7,0.0,779.467,-1.321
2023-03-24 00:00:00,18.45,41.89,1.705,4.23,236.1,0.0,779.371,-1.614
2023-03-24 01:00:00,17.51,40.0,1.674,4.38,234.2,0.0,778.762,-1.681
2023-03-24 02:00:00,16.31,41.55,0.749,2.94,183.2,0.0,778.322,-1.726
2023-03-24 03:00:00,15.29,47.38,1.187,2.74,175.9,0.0,778.072,-1.785
2023-03-24 04:00:00,14.91,48.82,1.438,3.18,191.8,0.0,777.867,-1.801
2023-03-24 05:00:00,15.26,47.21,0.901,1.94,169.5,0.0,777.682,-1.067
2023-03-24 06:00:00,15.48,49.21,1.256,2.86,130.3,0.0,777.904,-1.354
2023-03-24 07:00:00,14.13,53.46,0.959,1.88,189.8,0.0,778.377,5.061
2023-03-24 08:00:00,15.31,50.53,0.778,2.97,214.9,0.0,778.9,134.774
2023-03-24 09:00:00,18.19,41.31,1.971,3.94,10.9,0.0,779.279,372.39
2023-03-24 10:00:00,20.21,32.69,2.492,5.15,35.5,0.0,779.285,619.348
2023-03-24 11:00:00,21.54,29.7,2.278,5.22,86.6,0.0,778.992,802.9
2023-03-24 12:00:00,22.9,27.36,2.112,4.96,70.8,0.0,778.415,928.15
2023-03-24 13:00:00,24.38,25.58,2.118,5.39,80.5,0.0,777.331,981.483
2023-03-24 14:00:00,25.64,23.86,2.429,5.86,107.9,0.0,776.3,977.3
2023-03-24 15:00:00,26.27,23.48,2.521,6.62,136.3,0.0,775.363,716.238
2023-03-24 16:00:00,25.78,25.51,4.335,8.97,146.2,0.0,774.72,494.788
2023-03-24 17:00:00,25.7,30.0,3.595,7.48,163.1,0.0,774.154,290.088
2023-03-24 18:00:00,24.81,30.69,3.852,7.69,170.0,0.0,773.989,181.957
2023-03-24 19:00:00,23.72,30.35,3.027,6.63,191.3,0.0,774.272,45.06
2023-03-24 20:00:00,22.38,31.94,1.927,5.37,223.3,0.0,775.308,-1.484
2023-03-24 21:00:00,21.71,31.56,2.129,6.55,272.2,0.0,776.369,-1.838
2023-03-24 22:00:00,20.83,30.53,2.426,5.06,266.2,0.0,777.139,-1.475
2023-03-24 23:00:00,19.6,39.52,2.205,6.05,295.5,0.0,777.41,-1.54
2023-03-25 00:00:00,18.2,41.05,1.452,3.3,215.1,0.0,777.457,-1.568
2023-03-25 01:00:00,17.46,41.63,0.667,1.7,217.3,0.0,777.313,-1.889
2023-03-25 02:00:00,16.4,45.49,0.899,2.07,230.6,0.0,776.849,-1.622
2023-03-25 03:00:00,15.21,49.53,0.759,1.59,201.4,0.0,776.463,-1.821
2023-03-25 04:00:00,14.55,52.59,0.868,1.53,253.6,0.0,776.12,-1.654
2023-03-25 05:00:00,13.79,55.92,0.664,1.55,238.3,0.0,776.054,-1.732
2023-03-25 06:00:00,13.27,57.52,0.743,1.67,216.9,0.0,776.231,-1.792
2023-03-25 07:00:00,12.71,60.35,0.534,1.25,224.4,0.0,776.457,5.314
2023-03-25 08:00:00,15.11,53.07,0.506,1.54,343.5,0.0,776.909,132.948
2023-03-25 09:00:00,18.12,40.77,1.014,2.76,78.1,0.0,777.358,366.157
2023-03-25 10:00:00,20.1,36.04,1.293,3.16,53.5,0.0,777.56,605.24
2023-03-25 11:00:00,21.86,32.06,1.981,4.41,41.4,0.0,777.382,761.303
2023-03-25 12:00:00,23.47,29.12,2.218,5.56,15.3,0.0,777.033,849.77
2023-03-25 13:00:00,24.52,26.14,2.37,5.24,12.0,0.0,776.233,898.643
2023-03-25 14:00:00,25.66,24.45,1.676,5.07,56.5,0.0,775.218,577.967
2023-03-25 15:00:00,25.82,24.03,1.927,4.92,108.9,0.0,774.321,476.977
2023-03-25 16:00:00,25.77,23.98,2.237,5.65,160.9,0.0,773.621,265.897
2023-03-25 17:00:00,25.25,25.32,2.26,5.9,159.5,0.0,773.298,117.765
2023-03-25 18:00:00,24.45,31.13,2.949,6.42,167.8,0.0,773.198,124.204
2023-03-25 19:00:00,23.74,30.52,2.752,7.5,188.0,0.0,773.431,39.723
2023-03-25 20:00:00,22.21,31.15,2.43,5.92,332.5,0.0,774.369,-0.975
2023-03-25 21:00:00,21.16,35.61,1.667,3.68,325.7,0.0,775.467,-1.578
2023-03-25 22:00:00,20.17,41.15,1.943,4.88,345.0,0.0,776.414,-1.622
2023-03-25 23:00:00,18.6,40.12,1.888,3.85,236.0,0.0,776.723,-1.546
2023-03-26 00:00:00,17.53,41.22,0.962,3.14,242.2,0.0,776.688,-1.453
2023-03-26 01:00:00,16.9,43.35,0.855,1.94,253.2,0.0,776.499,-1.445
2023-03-26 02:00:00,16.51,45.76,0.867,1.81,221.9,0.0,776.253,-1.282
2023-03-26 03:00:00,15.68,49.8,0.564,1.45,220.1,0.0,775.829,-1.645
2023-03-26 04:00:00,15.14,49.15,1.122,2.54,124.0,0.0,775.566,-1.916
2023-03-26 05:00:00,14.02,54.54,0.985,2.18,190.7,0.0,775.589,-1.764
2023-03-26 06:00:00,13.06,57.25,0.667,1.39,211.3,0.0,775.759,-1.676
2023-03-26 07:00:00,12.33,59.5,0.541,1.3,218.0,0.0,776.367,6.738
2023-03-26 08:00:00,14.96,51.83,0.465,1.3,157.6,0.0,777.09,145.337
2023-03-26 09:00:00,18.36,38.59,0.923,2.8,75.2,0.0,777.577,388.705
2023-03-26 10:00:00,20.11,34.83,1.271,3.19,51.3,0.0,777.899,616.463
2023-03-26 11:00:00,21.67,32.26,1.729,4.55,24.0,0.0,777.721,786.578
2023-03-26 12:00:00,23.49,28.4,2.057,4.67,50.5,0.0,777.21,881.155
2023-03-26 13:00:00,24.77,25.1,2.21,5.56,94.0,0.0,776.335,956.767
2023-03-26 14:00:00,25.68,23.7,2.276,5.13,9.1,0.0,775.437,867.698
2023-03-26 15:00:00,26.79,22.38,2.229,6.01,101.6,0.0,774.431,738.853
2023-03-26 16:00:00,27.2,21.46,2.162,6.24,169.8,0.0,773.717,563.162
2023-03-26 17:00:00,26.35,25.2,2.573,6.36,164.0,0.0,773.459,254.74
2023-03-26 18:00:00,25.52,29.68,2.952,6.9,159.5,0.0,773.431,91.936
2023-03-26 19:00:00,22.81,37.68,2.943,14.45,43.0,0.2,774.343,32.811
2023-03-26 20:00:00,20.46,57.28,2.184,5.1,359.4,0.0,775.795,-0.968
2023-03-26 21:00:00,20.11,50.82,1.212,3.6,307.2,0.0,776.522,-1.635
2023-03-26 22:00:00,18.93,55.3,0.751,1.7,283.9,0.0,777.137,-1.758
2023-03-26 23:00:00,18.24,50.61,1.285,3.13,236.0,0.0,777.408,-1.881
2023-03-27 00:00:00,17.84,44.61,1.392,3.72,245.7,0.0,777.459,-1.683
2023-03-27 01:00:00,16.76,48.16,0.899,2.22,229.3,0.0,777.098,-1.735
2023-03-27 02:00:00,15.73,52.42,0.601,1.55,192.4,0.0,776.86,-1.774
2023-03-27 03:00:00,14.57,57.48,0.474,1.45,219.5,0.0,776.601,-1.689
2023-03-27 04:00:00,14.2,60.01,0.727,1.32,214.1,0.0,776.442,-1.865
2023-03-27 05:00:00,13.56,60.12,0.475,1.56,216.1,0.0,776.494,-1.788
2023-03-27 06:00:00,13.03,59.37,0.879,1.85,238.2,0.0,776.606,-1.776
2023-03-27 07:00:00,12.68,61.57,0.74,1.41,211.5,0.0,777.027,6.539
2023-03-27 08:00:00,14.98,56.25,0.516,1.99,164.4,0.0,777.601,143.905
2023-03-27 09:00:00,17.64,47.24,1.449,2.75,89.7,0.0,778.127,384.39
2023-03-27 10:00:00,19.82,41.35,1.213,2.85,45.6,0.0,778.409,615.915
2023-03-27 11:00:00,22.24,32.67,1.788,3.84,50.6,0.0,778.204,827.097
2023-03-27 12:00:00,24.07,27.79,1.743,4.14,54.3,0.0,777.75,933.817
2023-03-27 13:00:00,25.29,25.78,2.356,5.31,21.4,0.0,776.983,1007.7
2023-03-27 14:00:00,26.65,22.97,2.139,5.45,7.7,0.0,775.985,944.665
2023-03-27 15:00:00,26.77,19.22,1.885,4.95,49.4,0.0,775.111,218.173
2023-03-27 16:00:00,27.18,16.99,1.004,2.13,355.2,0.0,774.542,354.377
2023-03-27 17:00:00,28.58,13.99,1.245,3.16,18.9,0.0,774.108,493.16
2023-03-27 18:00:00,27.48,16.84,2.996,9.03,321.2,0.0,774.329,223.752
2023-03-27 19:00:00,24.8,21.68,1.391,5.81,252.0,0.0,775.135,17.069
2023-03-27 20:00:00,23.08,29.92,1.667,3.78,225.8,0.0,775.98,-1.94
2023-03-27 21:00:00,22.21,32.14,1.504,4.59,337.2,0.0,776.875,-2.157
2023-03-27 22:00:00,21.23,34.21,1.189,2.81,283.9,0.0,777.855,-1.822
2023-03-27 23:00:00,20.09,38.53,1.311,2.99,137.4,0.0,778.555,-1.891
2023-03-28 00:00:00,18.66,43.46,1.888,3.96,240.4,0.0,778.55,-1.707
2023-03-28 01:00:00,18.13,44.5,2.031,4.15,248.9,0.0,777.991,-1.576
2023-03-28 02:00:00,17.81,45.52,1.359,3.8,280.1,0.0,777.453,-1.631
2023-03-28 03:00:00,16.29,50.69,0.87,2.2,203.2,0.0,777.19,-1.651
2023-03-28 04:00:00,15.39,54.09,0.64,1.69,259.7,0.0,776.959,-1.648
2023-03-28 05:00:00,14.64,56.95,0.623,1.58,234.8,0.0,777.278,-1.704
2023-03-28 06:00:00,13.88,60.72,0.851,1.76,243.4,0.0,777.78,-1.756
2023-03-28 07:00:00,14.02,60.46,0.906,1.95,238.9,0.0,778.269,5.893
2023-03-28 08:00:00,16.07,54.04,0.687,1.78,267.0,0.0,778.788,138.877
2023-03-28 09:00:00,19.69,42.57,0.832,3.87,202.7,0.0,779.3,368.105
2023-03-28 10:00:00,20.82,40.02,2.261,4.66,336.5,0.0,779.459,607.453
2023-03-28 11:00:00,22.43,30.94,2.068,5.41,9.4,0.0,779.209,817.57
2023-03-28 12:00:00,23.7,28.92,2.342,5.86,16.3,0.0,778.742,931.3
2023-03-28 13:00:00,24.94,27.86,2.401,5.64,359.5,0.0,777.896,965.733
2023-03-28 14:00:00,25.99,26.17,2.355,5.58,327.6,0.0,776.915,916.933
2023-03-28 15:00:00,26.55,25.29,2.349,6.71,358.2,0.0,776.064,590.897
2023-03-28 16:00:00,26.82,23.8,1.537,3.53,48.0,0.0,775.273,343.437
2023-03-28 17:00:00,26.59,24.9,1.846,8.93,35.6,0.0,774.71,83.004
2023-03-28 18:00:00,20.69,51.5,4.606,11.84,27.2,10.2,776.105,7.973
2023-03-28 19:00:00,14.18,85.4,4.446,11.23,281.1,6.9,778.702,12.315
2023-03-28 20:00:00,15.78,70.11,2.573,6.64,336.5,0.0,780.211,-1.309
2023-03-28 21:00:00,13.83,82.08,2.227,5.45,146.4,1.7,781.499,-0.786
2023-03-28 22:00:00,13.14,88.95,1.177,3.04,262.2,0.2,781.965,-1.279
2023-03-28 23:00:00,13.19,88.3,1.609,3.03,190.7,0.0,781.276,-1.652
2023-03-29 00:00:00,13.4,85.4,1.708,3.23,221.5,0.0,780.197,-1.837
2023-03-29 01:00:00,13.02,87.39,0.678,1.97,201.5,0.0,779.466,-1.661
2023-03-29 02:00:00,12.7,91.34,0.901,1.78,297.8,0.1,779.217,-1.48
2023-03-29 03:00:00,12.65,89.83,0.628,1.88,260.3,0.0,779.616,-1.52
2023-03-29 04:00:00,12.07,88.64,0.699,2.14,235.5,0.0,779.468,-1.619
2023-03-29 05:00:00,11.85,84.74,1.396,3.82,238.2,0.0,779.114,-1.755
2023-03-29 06:00:00,12.59,79.46,0.857,2.32,243.7,0.0,779.169,-1.07
2023-03-29 07:00:00,12.75,78.66,0.889,2.12,205.3,0.0,779.37,7.107
2023-03-29 08:00:00,14.18,73.36,0.861,2.73,114.3,0.0,779.576,133.84
2023-03-29 09:00:00,15.17,67.54,1.704,3.44,110.5,0.0,779.836,371.673
2023-03-29 10:00:00,16.83,62.72,1.438,3.21,76.6,0.0,779.811,608.535
2023-03-29 11:00:00,18.88,53.74,1.75,3.86,338.5,0.0,779.547,792.388
2023-03-29 12:00:00,20.5,46.46,1.595,4.19,347.4,0.0,779.081,932.167
2023-03-29 13:00:00,21.98,42.14,1.938,4.67,104.5,0.0,778.184,1004.05
2023-03-29 14:00:00,23.84,36.3,1.674,4.46,47.1,0.0,777.209,988.117
2023-03-29 15:00:00,24.79,32.77,2.106,5.32,40.4,0.0,776.193,711.332
2023-03-29 16:00:00,24.65,33.1,1.627,4.91,353.4,0.0,775.404,231.397
2023-03-29 17:00:00,23.99,37.31,1.587,3.96,358.9,0.0,775.155,71.519
2023-03-29 18:00:00,23.15,40.46,2.198,7.9,146.6,0.0,775.233,19.244
2023-03-29 19:00:00,21.69,43.99,3.171,9.98,210.8,0.0,775.774,12.591
2023-03-29 20:00:00,13.81,78.45,3.407,9.63,309.2,20.7,778.456,2.216
2023-03-29 21:00:00,11.81,97.61,1.866,5.36,114.4,7.1,780.731,-0.468
2023-03-29 22:00:00,12.22,97.51,1.447,4.6,232.9,0.1,780.85,-0.835
2023-03-29 23:00:00,13.34,94.74,1.204,3.02,154.5,0.0,780.581,-0.916
2023-03-30 00:00:00,13.44,92.13,1.245,2.53,178.3,0.0,779.715,-1.165
2023-03-30 01:00:00,12.72,86.94,1.135,3.27,213.8,0.0,778.717,-1.513
2023-03-30 02:00:00,12.71,83.45,1.257,3.61,138.2,0.0,778.188,-2.042
2023-03-30 03:00:00,11.9,88.06,0.829,2.54,212.9,0.0,777.827,-1.519
2023-03-30 04:00:00,11.17,93.25,0.487,1.08,282.2,0.0,777.646,-1.426
2023-03-30 05:00:00,10.81,94.97,0.688,1.66,211.8,0.0,777.838,-1.711
2023-03-30 06:00:00,10.84,93.28,0.821,1.65,259.2,0.0,778.041,-1.585
2023-03-30 07:00:00,10.48,92.4,0.784,1.59,224.0,0.0,778.492,9.151
2023-03-30 08:00:00,12.48,81.73,0.389,0.94,248.2,0.1,778.777,153.955
2023-03-30 09:00:00,15.37,63.02,0.56,1.7,276.6,0.0,778.988,371.96
2023-03-30 10:00:00,17.38,54.57,0.994,2.65,10.2,0.0,779.011,606.38
2023-03-30 11:00:00,19.29,47.96,1.346,3.32,48.2,0.0,778.939,818.557
2023-03-30 12:00:00,21.0,41.92,1.639,3.91,68.0,0.0,778.436,850.918
2023-03-30 13:00:00,22.52,32.23,1.756,4.0,96.9,0.0,777.629,969.867
2023-03-30 14:00:00,24.18,28.05,1.942,4.96,43.2,0.0,776.719,961.858
2023-03-30 15:00:00,25.24,26.7,2.201,5.67,81.4,0.0,775.865,842.038
2023-03-30 16:00:00,25.8,26.24,2.62,6.9,86.1,0.0,775.204,658.058
2023-03-30 17:00:00,25.67,23.47,3.055,7.7,90.3,0.0,774.895,417.577
2023-03-30 18:00:00,24.42,23.32,3.515,7.98,158.6,0.0,774.952,140.925
2023-03-30 19:00:00,22.58,27.15,2.575,7.67,167.5,0.0,775.574,23.746
2023-03-30 20:00:00,21.28,29.48,1.734,3.91,172.0,0.0,776.319,-1.891
2023-03-30 21:00:00,20.13,29.2,1.36,3.1,186.8,0.0,776.958,-1.838
2023-03-30 22:00:00,18.64,33.34,1.628,2.88,225.3,0.0,777.615,-2.022
2023-03-30 23:00:00,16.96,43.64,1.452,2.83,271.1,0.0,778.173,-1.799
2023-03-31 00:00:00,15.84,39.11,1.132,3.04,217.6,0.0,778.426,-1.826
2023-03-31 01:00:00,15.34,42.26,1.023,2.17,237.6,0.0,778.435,-1.737
2023-03-31 02:00:00,14.61,45.4,1.032,2.14,257.9,0.0,778.107,-1.681
2023-04-01 00:00:00,19.73,40.42,1.317,3.49,313.0,0.0,779.37,-1.591
2023-04-01 00:00:00,19.73,40.42,1.317,3.49,313.0,0.0,779.37,-1.591
2023-04-01 01:00:00,17.99,48.96,1.445,3.24,230.6,0.0,779.178,-1.584
2023-04-01 02:00:00,16.99,51.02,1.734,3.27,236.9,0.0,778.692,-1.647
2023-04-01 03:00:00,16.11,53.73,1.309,2.95,246.3,0.0,778.169,-1.696
2023-04-01 04:00:00,15.32,57.75,0.819,3.03,185.4,0.0,778.003,-1.732
2023-04-01 05:00:00,14.41,63.86,0.794,2.23,199.9,0.0,778.186,-1.798
2023-04-01 06:00:00,12.83,71.77,0.366,1.2,248.4,0.0,778.665,-1.691
2023-04-01 07:00:00,12.5,68.49,0.452,1.55,215.2,0.0,779.127,9.729
2023-04-01 08:00:00,15.51,55.03,0.477,1.19,192.8,0.0,779.689,159.285
2023-04-01 09:00:00,18.72,42.32,1.014,2.51,18.9,0.0,780.205,398.61
2023-04-01 10:00:00,20.29,37.68,1.163,3.2,36.4,0.0,780.384,640.622
2023-04-01 11:00:00,22.4,33.4,1.678,3.87,9.0,0.0,780.129,838.033
2023-04-01 12:00:00,24.47,28.3,1.751,4.44,47.9,0.0,779.563,967.717
2023-04-01 13:00:00,26.1,22.08,2.103,5.78,65.2,0.0,778.599,1021.717
2023-04-01 14:00:00,27.41,19.07,2.907,6.3,79.5,0.0,777.492,998.767
2023-04-01 15:00:00,28.36,16.61,2.904,7.05,97.8,0.0,776.499,860.41
2023-04-01 16:00:00,28.73,15.33,2.611,6.81,116.7,0.0,775.724,614.068
2023-04-01 17:00:00,28.68,14.64,3.419,7.85,154.9,0.0,775.296,505.405
2023-04-01 18:00:00,27.26,17.83,4.481,9.81,151.9,0.0,775.459,246.552
2023-04-01 19:00:00,24.97,24.6,3.926,9.91,171.0,0.0,776.119,38.221
2023-04-01 20:00:00,23.62,31.95,2.781,6.41,234.1,0.0,776.945,-1.772
2023-04-01 21:00:00,21.6,44.21,3.847,8.3,296.2,0.0,778.442,-1.01
2023-04-01 22:00:00,19.58,53.13,3.879,8.05,322.4,0.0,779.59,-1.132
2023-04-01 23:00:00,18.26,62.25,2.737,5.79,303.9,0.0,780.205,-1.405
2023-04-02 00:00:00,17.49,64.7,2.02,4.78,313.0,0.0,780.435,-1.508
2023-04-02 01:00:00,16.82,66.08,1.295,3.13,291.0,0.0,780.135,-1.578
2023-04-02 02:00:00,15.94,68.14,0.558,1.64,231.9,0.0,779.396,-1.685
2023-04-02 03:00:00,15.08,68.09,0.821,1.8,249.0,0.0,778.886,-1.743
2023-04-02 04:00:00,14.4,71.94,0.821,1.67,184.6,0.0,778.637,-1.903
2023-04-02 05:00:00,14.06,73.94,0.645,1.7,236.0,0.0,778.579,-1.674
2023-04-02 06:00:00,13.19,74.75,0.53,1.13,233.6,0.0,778.801,-1.68
2023-04-02 07:00:00,12.36,70.54,0.264,1.13,272.0,0.0,779.105,9.599
2023-04-02 08:00:00,15.18,54.05,0.346,1.12,305.0,0.0,779.547,159.844
2023-04-02 09:00:00,17.41,54.01,1.045,2.57,51.7,0.0,779.84,404.017
2023-04-02 10:00:00,19.25,50.08,1.336,3.53,53.3,0.0,779.981,643.785
2023-04-02 11:00:00,21.6,39.49,1.405,3.1,40.2,0.0,779.696,837.102
2023-04-02 12:00:00,24.29,27.44,1.535,4.49,2.2,0.0,779.072,963.867
2023-04-02 13:00:00,25.85,21.88,2.196,5.74,42.7,0.0,778.125,1037.067
2023-04-02 14:00:00,26.43,20.5,2.304,5.25,342.6,0.0,777.031,1007.033
2023-04-02 15:00:00,27.49,17.69,2.52,6.95,8.8,0.0,775.949,892.568
2023-04-02 16:00:00,27.96,16.51,2.087,5.13,122.8,0.0,775.098,608.685
2023-04-02 17:00:00,27.19,16.19,1.04,2.6,209.8,0.0,774.583,101.635
2023-04-02 18:00:00,27.81,15.23,0.908,1.77,224.8,0.0,774.294,184.636
2023-04-02 19:00:00,25.19,23.22,1.328,3.37,241.2,0.0,774.608,11.014
2023-04-02 20:00:00,23.66,26.31,2.273,7.29,266.7,0.0,775.6,-2.045
2023-04-02 21:00:00,23.15,29.54,3.988,9.58,311.6,0.0,776.52,-1.718
2023-04-02 22:00:00,21.04,42.28,3.504,8.91,308.4,0.0,778.003,-0.939
2023-04-02 23:00:00,19.68,45.8,1.987,5.01,270.1,0.0,778.608,-1.655
2023-04-03 00:00:00,18.48,49.93,0.62,2.05,280.7,0.0,778.569,-1.847
2023-04-03 01:00:00,17.37,51.32,1.394,2.86,204.5,0.0,778.023,-1.912
2023-04-03 02:00:00,16.48,51.27,0.826,2.26,251.5,0.0,777.181,-1.774
2023-04-03 03:00:00,15.51,55.12,0.969,2.28,227.2,0.0,776.519,-1.963
2023-04-03 04:00:00,15.02,57.39,0.908,1.96,202.8,0.0,776.229,-1.833
2023-04-03 05:00:00,13.94,62.63,0.908,1.78,280.8,0.0,776.256,-1.749
2023-04-03 06:00:00,13.27,62.96,0.412,1.01,252.5,0.0,776.652,-1.662
2023-04-03 07:00:00,12.73,62.61,0.614,1.38,219.4,0.0,777.103,11.153
2023-04-03 08:00:00,15.52,52.68,0.687,1.76,315.4,0.0,777.518,167.442
2023-04-03 09:00:00,18.82,41.08,0.904,2.96,292.4,0.0,777.879,406.103
2023-04-03 10:00:00,21.2,36.57,1.173,3.33,356.5,0.0,777.889,644.617
2023-04-03 11:00:00,23.44,32.08,1.556,4.32,23.1,0.0,777.497,834.693
2023-04-03 12:00:00,25.33,24.33,1.976,4.59,13.4,0.0,776.775,963.267
2023-04-03 13:00:00,26.78,19.63,2.227,5.64,37.9,0.0,775.924,997.55
2023-04-03 14:00:00,28.1,17.89,2.17,6.1,38.5,0.0,774.918,949.933
2023-04-03 15:00:00,28.41,17.8,1.819,7.6,96.1,0.0,773.908,599.387
2023-04-03 16:00:00,29.09,17.47,1.717,4.3,189.0,0.0,773.126,501.79
2023-04-03 17:00:00,28.34,18.42,3.426,8.22,173.9,0.0,772.817,394.668
2023-04-03 18:00:00,27.27,14.91,4.154,10.0,163.0,0.0,772.832,218.072
2023-04-03 19:00:00,25.34,14.99,3.483,8.43,165.6,0.0,773.191,39.295
2023-04-03 20:00:00,23.43,20.03,1.312,3.46,205.0,0.0,773.831,-2.203
2023-04-03 21:00:00,22.31,24.57,1.529,3.72,303.7,0.0,774.866,-2.205
2023-04-03 22:00:00,21.3,25.69,1.652,4.44,271.9,0.0,775.791,-2.106
2023-04-03 23:00:00,20.09,25.27,1.465,2.85,241.6,0.0,776.524,-1.982
2023-04-04 00:00:00,18.72,28.24,2.14,4.84,241.8,0.0,776.6,-1.948
2023-04-04 01:00:00,17.89,31.04,0.886,4.09,227.7,0.0,776.469,-1.733
2023-04-04 02:00:00,16.65,37.47,0.817,2.03,229.4,0.0,776.065,-2.042
2023-04-04 03:00:00,15.36,45.44,0.526,1.08,255.3,0.0,775.415,-1.779
2023-04-04 04:00:00,14.52,48.32,1.114,2.94,177.3,0.0,775.076,-2.103
2023-04-04 05:00:00,14.35,50.24,0.844,1.48,279.8,0.0,775.131,-1.656
2023-04-04 06:00:00,14.06,52.73,0.855,1.76,242.1,0.0,775.379,-1.738
2023-04-04 07:00:00,13.65,54.06,0.918,1.44,186.0,0.0,775.903,22.501
2023-04-04 08:00:00,16.27,46.63,0.561,1.76,208.8,0.0,776.454,185.88
2023-04-04 09:00:00,18.53,36.65,1.099,2.47,119.5,0.0,776.764,340.512
2023-04-04 10:00:00,20.32,33.63,0.88,2.87,65.8,0.0,776.868,470.625
2023-04-04 11:00:00,22.49,29.51,1.479,3.66,23.6,0.0,776.512,635.812
2023-04-04 12:00:00,24.16,25.8,1.353,4.84,23.4,0.0,775.924,836.967
2023-04-04 13:00:00,25.81,20.61,2.765,7.38,51.8,0.0,775.009,921.282
2023-04-04 14:00:00,27.48,17.36,2.607,6.07,80.1,0.0,773.985,935.97