CO pmm,,
Fecha,Hora,BJU
01/06/25,1,nr
01/06/25,2,nr
01/06/25,3,nr
01/06/25,4,nr
01/06/25,5,nr
01/06/25,6,nr
01/06/25,7,nr
01/06/25,8,0.6
01/06/25,9,0.63
01/06/25,10,0.61
01/06/25,11,0.64
01/06/25,12,0.57
01/06/25,13,0.49
01/06/25,14,0.57
01/06/25,15,0.53
01/06/25,16,0.49
01/06/25,17,0.36
01/06/25,18,0.55
01/06/25,19,0.55
01/06/25,20,0.68
01/06/25,21,0.81
01/06/25,22,0.52
01/06/25,23,0.34
01/06/25,24,0.34
02/06/25,1,0.4
02/06/25,2,0.43
02/06/25,3,0.47
02/06/25,4,0.49
02/06/25,5,0.48
02/06/25,6,0.51
02/06/25,7,0.73
02/06/25,8,0.91
02/06/25,9,0.72
02/06/25,10,0.62
02/06/25,11,0.85
02/06/25,12,nr
02/06/25,13,0.76
02/06/25,14,0.87
02/06/25,15,0.52
02/06/25,16,0.57
02/06/25,17,0.66
02/06/25,18,0.66
02/06/25,19,0.69
02/06/25,20,0.49
02/06/25,21,0.52
02/06/25,22,0.49
02/06/25,23,0.51
02/06/25,24,0.41
03/06/25,1,0.52
03/06/25,2,0.53
03/06/25,3,0.48
03/06/25,4,0.47
03/06/25,5,0.42
03/06/25,6,0.53
03/06/25,7,0.99
03/06/25,8,1.26
03/06/25,9,1.12
03/06/25,10,1.09
03/06/25,11,0.92
03/06/25,12,0.64
03/06/25,13,0.72
03/06/25,14,0.65
03/06/25,15,0.69
03/06/25,16,0.86
03/06/25,17,0.54
03/06/25,18,0.42
03/06/25,19,0.76
03/06/25,20,0.8
03/06/25,21,0.68
03/06/25,22,0.82
03/06/25,23,0.9
03/06/25,24,0.76
04/06/25,1,nr
04/06/25,2,nr
04/06/25,3,nr
04/06/25,4,0.36
04/06/25,5,0.32
04/06/25,6,0.39
04/06/25,7,0.48
04/06/25,8,0.65
04/06/25,9,0.86
04/06/25,10,0.9
04/06/25,11,0.78
04/06/25,12,0.73
04/06/25,13,0.53
04/06/25,14,0.4
04/06/25,15,0.38
04/06/25,16,0.33
04/06/25,17,0.33
04/06/25,18,0.41
04/06/25,19,0.56
04/06/25,20,0.43
04/06/25,21,0.39
04/06/25,22,0.39
04/06/25,23,0.39
04/06/25,24,0.3
05/06/25,1,0.32
05/06/25,2,0.37
05/06/25,3,0.32
05/06/25,4,0.3
05/06/25,5,0.29
05/06/25,6,0.28
05/06/25,7,0.36
05/06/25,8,0.46
05/06/25,9,0.5
05/06/25,10,0.46
05/06/25,11,0.49
05/06/25,12,0.4
05/06/25,13,0.32
05/06/25,14,0.33
05/06/25,15,0.35
05/06/25,16,0.33
05/06/25,17,0.31
05/06/25,18,0.31
05/06/25,19,0.32
05/06/25,20,0.37
05/06/25,21,0.36
05/06/25,22,0.39
05/06/25,23,0.41
05/06/25,24,0.35
06/06/25,1,0.31
06/06/25,2,0.26
06/06/25,3,0.23
06/06/25,4,nr
06/06/25,5,0.23
06/06/25,6,0.26
06/06/25,7,nr
06/06/25,8,0.45
06/06/25,9,0.49
06/06/25,10,nr
06/06/25,11,nr
06/06/25,12,0.49
06/06/25,13,0.49
06/06/25,14,0.35
06/06/25,15,0.32
06/06/25,16,0.35
06/06/25,17,0.32
06/06/25,18,0.34
06/06/25,19,0.42
06/06/25,20,0.52
06/06/25,21,0.52
06/06/25,22,0.49
06/06/25,23,0.56
06/06/25,24,0.43
07/06/25,1,0.38
07/06/25,2,0.27
07/06/25,3,nr
07/06/25,4,0.27
07/06/25,5,0.28
07/06/25,6,0.3
07/06/25,7,0.37
07/06/25,8,0.45
07/06/25,9,0.49
07/06/25,10,0.49
07/06/25,11,0.47
07/06/25,12,0.57
07/06/25,13,0.6
07/06/25,14,0.43
07/06/25,15,0.44
07/06/25,16,0.41
07/06/25,17,0.41
07/06/25,18,0.4
07/06/25,19,0.4
07/06/25,20,0.48
07/06/25,21,0.49
07/06/25,22,0.52
07/06/25,23,0.49
07/06/25,24,0.45
08/06/25,1,0.41
08/06/25,2,0.36
08/06/25,3,0.45
08/06/25,4,0.49
08/06/25,5,0.44
08/06/25,6,0.65
08/06/25,7,0.78
08/06/25,8,0.72
08/06/25,9,0.83
08/06/25,10,0.7
08/06/25,11,0.54
08/06/25,12,0.44
08/06/25,13,nr
08/06/25,14,nr
08/06/25,15,nr
08/06/25,16,nr
08/06/25,17,nr
08/06/25,18,nr
08/06/25,19,nr
08/06/25,20,nr
08/06/25,21,nr
08/06/25,22,nr
08/06/25,23,nr
08/06/25,24,nr
09/06/25,1,nr
09/06/25,2,nr
09/06/25,3,nr
09/06/25,4,nr
09/06/25,5,nr
09/06/25,6,nr
09/06/25,7,nr
09/06/25,8,nr
09/06/25,9,nr
09/06/25,10,nr
09/06/25,11,0.55
09/06/25,12,0.63
09/06/25,13,0.6
09/06/25,14,0.58
09/06/25,15,0.5
09/06/25,16,0.37
09/06/25,17,0.35
09/06/25,18,0.42
09/06/25,19,0.45
09/06/25,20,0.47
09/06/25,21,0.59
09/06/25,22,0.62
09/06/25,23,0.81
09/06/25,24,0.7
10/06/25,1,nr
10/06/25,2,nr
10/06/25,3,nr
10/06/25,4,0.32
10/06/25,5,0.34
10/06/25,6,0.43
10/06/25,7,0.48
10/06/25,8,0.75
10/06/25,9,0.68
10/06/25,10,0.7
10/06/25,11,0.71
10/06/25,12,nr
10/06/25,13,nr
10/06/25,14,0.62
10/06/25,15,0.47
10/06/25,16,0.41
10/06/25,17,0.36
10/06/25,18,0.34
10/06/25,19,0.35
10/06/25,20,0.68
10/06/25,21,0.53
10/06/25,22,0.54
10/06/25,23,0.5
10/06/25,24,0.48
11/06/25,1,0.39
11/06/25,2,0.35
11/06/25,3,0.25
11/06/25,4,0.19
11/06/25,5,0.19
11/06/25,6,0.24
11/06/25,7,0.38
11/06/25,8,0.64
11/06/25,9,0.58
11/06/25,10,0.41
11/06/25,11,nr
11/06/25,12,nr
11/06/25,13,nr
11/06/25,14,nr
11/06/25,15,nr
11/06/25,16,0.42
11/06/25,17,0.47
11/06/25,18,0.67
11/06/25,19,0.44
11/06/25,20,0.49
11/06/25,21,0.44
11/06/25,22,0.47
11/06/25,23,0.5
11/06/25,24,0.4
12/06/25,1,0.37
12/06/25,2,0.33
12/06/25,3,0.27
12/06/25,4,0.27
12/06/25,5,0.33
12/06/25,6,0.42
12/06/25,7,0.47
12/06/25,8,0.52
12/06/25,9,nr
12/06/25,10,0.66
12/06/25,11,0.77
12/06/25,12,0.61
12/06/25,13,0.64
12/06/25,14,0.6
12/06/25,15,0.76
12/06/25,16,0.66
12/06/25,17,0.69
12/06/25,18,1.1
12/06/25,19,1.03
12/06/25,20,0.95
12/06/25,21,0.59
12/06/25,22,0.59
12/06/25,23,0.58
12/06/25,24,0.51
13/06/25,1,0.38
13/06/25,2,0.32
13/06/25,3,0.29
13/06/25,4,0.34
13/06/25,5,0.36
13/06/25,6,0.53
13/06/25,7,nr
13/06/25,8,0.6
13/06/25,9,0.62
13/06/25,10,0.98
13/06/25,11,nr
13/06/25,12,0.87
13/06/25,13,0.55
13/06/25,14,0.47
13/06/25,15,0.41
13/06/25,16,0.38
13/06/25,17,0.38
13/06/25,18,nr
13/06/25,19,0.36
13/06/25,20,0.67
13/06/25,21,0.82
13/06/25,22,0.98
13/06/25,23,0.88
13/06/25,24,0.85
14/06/25,1,0.83
14/06/25,2,0.93
14/06/25,3,0.71
14/06/25,4,0.31
14/06/25,5,0.32
14/06/25,6,0.3
14/06/25,7,0.5
14/06/25,8,0.59
14/06/25,9,0.46
14/06/25,10,0.32
14/06/25,11,0.28
14/06/25,12,0.24
14/06/25,13,0.24
14/06/25,14,0.34
14/06/25,15,0.41
14/06/25,16,0.31
14/06/25,17,0.32
14/06/25,18,0.34
14/06/25,19,0.31
14/06/25,20,0.25
14/06/25,21,0.29
14/06/25,22,0.34
14/06/25,23,0.49
14/06/25,24,0.4
15/06/25,1,0.34
15/06/25,2,0.31
15/06/25,3,0.32
15/06/25,4,0.22
15/06/25,5,nr
15/06/25,6,nr
15/06/25,7,nr
15/06/25,8,nr
15/06/25,9,nr
15/06/25,10,0.57
15/06/25,11,0.66
15/06/25,12,0.63
15/06/25,13,0.66
15/06/25,14,0.53
15/06/25,15,0.68
15/06/25,16,0.79
15/06/25,17,0.57
15/06/25,18,0.36
15/06/25,19,0.34
15/06/25,20,nr
15/06/25,21,0.65
15/06/25,22,0.51
15/06/25,23,0.57
15/06/25,24,0.59
16/06/25,1,nr
16/06/25,2,nr
16/06/25,3,nr
16/06/25,4,0.77
16/06/25,5,0.84
16/06/25,6,0.65
16/06/25,7,0.8
16/06/25,8,0.78
16/06/25,9,0.87
16/06/25,10,0.93
16/06/25,11,0.88
16/06/25,12,0.78
16/06/25,13,0.75
16/06/25,14,0.86
16/06/25,15,0.85
16/06/25,16,1.02
16/06/25,17,1.15
16/06/25,18,nr
16/06/25,19,nr
16/06/25,20,nr
16/06/25,21,nr
16/06/25,22,nr
16/06/25,23,nr
16/06/25,24,0.76
17/06/25,1,0.99
17/06/25,2,0.93
17/06/25,3,0.84
17/06/25,4,0.74
17/06/25,5,0.86
17/06/25,6,nr
17/06/25,7,1.15
17/06/25,8,1.41
17/06/25,9,1.27
17/06/25,10,1.26
17/06/25,11,1.01
17/06/25,12,0.92
17/06/25,13,0.88
17/06/25,14,1.11
17/06/25,15,1.05
17/06/25,16,0.86
17/06/25,17,0.61
17/06/25,18,0.63
17/06/25,19,0.64
17/06/25,20,0.58
17/06/25,21,1.13
17/06/25,22,1.1
17/06/25,23,0.92
17/06/25,24,0.69
18/06/25,1,0.55
18/06/25,2,0.47
18/06/25,3,0.4
18/06/25,4,0.36
18/06/25,5,0.34
18/06/25,6,0.37
18/06/25,7,0.51
18/06/25,8,0.68
18/06/25,9,0.8
18/06/25,10,0.64
18/06/25,11,0.58
18/06/25,12,0.49
18/06/25,13,0.61
18/06/25,14,0.5
18/06/25,15,0.62
18/06/25,16,0.66
18/06/25,17,0.44
18/06/25,18,0.59
18/06/25,19,0.65
18/06/25,20,0.73
18/06/25,21,0.96
18/06/25,22,0.85
18/06/25,23,0.7
18/06/25,24,0.58
19/06/25,1,0.5
19/06/25,2,0.37
19/06/25,3,0.34
19/06/25,4,0.32
19/06/25,5,0.35
19/06/25,6,0.34
19/06/25,7,0.53
19/06/25,8,0.68
19/06/25,9,0.74
19/06/25,10,0.86
19/06/25,11,0.89
19/06/25,12,0.85
19/06/25,13,0.78
19/06/25,14,0.61
19/06/25,15,0.58
19/06/25,16,0.54
19/06/25,17,0.66
19/06/25,18,0.48
19/06/25,19,0.53
19/06/25,20,0.47
19/06/25,21,0.52
19/06/25,22,0.63
19/06/25,23,0.6
19/06/25,24,0.52
20/06/25,1,0.43
20/06/25,2,0.38
20/06/25,3,0.35
20/06/25,4,0.32
20/06/25,5,0.31
20/06/25,6,0.34
20/06/25,7,0.48
20/06/25,8,0.64
20/06/25,9,0.72
20/06/25,10,0.73
20/06/25,11,0.65
20/06/25,12,0.48
20/06/25,13,0.44
20/06/25,14,0.46
20/06/25,15,0.49
20/06/25,16,0.59
20/06/25,17,0.6
20/06/25,18,0.66
20/06/25,19,0.69
20/06/25,20,0.74
20/06/25,21,0.67
20/06/25,22,0.66
20/06/25,23,0.73
20/06/25,24,0.65
21/06/25,1,0.64
21/06/25,2,0.49
21/06/25,3,0.5
21/06/25,4,0.54
21/06/25,5,0.46
21/06/25,6,0.41
21/06/25,7,0.48
21/06/25,8,0.62
21/06/25,9,0.62
21/06/25,10,0.54
21/06/25,11,0.51
21/06/25,12,0.54
21/06/25,13,0.41
21/06/25,14,0.48
21/06/25,15,0.59
21/06/25,16,0.67
21/06/25,17,0.77
21/06/25,18,0.81
21/06/25,19,0.62
21/06/25,20,0.68
21/06/25,21,0.67
21/06/25,22,nr
21/06/25,23,nr
21/06/25,24,nr
22/06/25,1,nr
22/06/25,2,nr
22/06/25,3,nr
22/06/25,4,0.59
22/06/25,5,nr
22/06/25,6,0.54
22/06/25,7,0.67
22/06/25,8,nr
22/06/25,9,0.7
22/06/25,10,0.75
22/06/25,11,0.79
22/06/25,12,0.66
22/06/25,13,0.66
22/06/25,14,0.64
22/06/25,15,0.57
22/06/25,16,0.88
22/06/25,17,1.07
22/06/25,18,1.11
22/06/25,19,1.04
22/06/25,20,1.01
22/06/25,21,1.17
22/06/25,22,1.46
22/06/25,23,1.59
22/06/25,24,1.62
23/06/25,1,1.72
23/06/25,2,1.52
23/06/25,3,1.23
23/06/25,4,0.7
23/06/25,5,0.67
23/06/25,6,0.77
23/06/25,7,1
23/06/25,8,1
23/06/25,9,1.1
23/06/25,10,1.18
23/06/25,11,0.93
23/06/25,12,1.03
23/06/25,13,0.7
23/06/25,14,0.57
23/06/25,15,0.53
23/06/25,16,0.54
23/06/25,17,0.78
23/06/25,18,0.7
23/06/25,19,0.71
23/06/25,20,0.66
23/06/25,21,0.71
23/06/25,22,0.73
23/06/25,23,0.65
23/06/25,24,0.63
24/06/25,1,0.54
24/06/25,2,0.49
24/06/25,3,0.42
24/06/25,4,0.39
24/06/25,5,0.38
24/06/25,6,0.46
24/06/25,7,0.53
24/06/25,8,0.78
24/06/25,9,1.03
24/06/25,10,1.01
24/06/25,11,1.15
24/06/25,12,0.95
24/06/25,13,1.05
24/06/25,14,0.94
24/06/25,15,0.92
24/06/25,16,1.1
24/06/25,17,1.11
24/06/25,18,1.13
24/06/25,19,0.99
24/06/25,20,1.41
24/06/25,21,1.58
24/06/25,22,1.83
24/06/25,23,2.16
24/06/25,24,2.17
25/06/25,1,1.09
25/06/25,2,0.88
25/06/25,3,0.55
25/06/25,4,0.43
25/06/25,5,0.48
25/06/25,6,0.46
25/06/25,7,0.58
25/06/25,8,0.74
25/06/25,9,0.85
25/06/25,10,0.83
25/06/25,11,0.88
25/06/25,12,0.74
25/06/25,13,0.74
25/06/25,14,0.73
25/06/25,15,0.66
25/06/25,16,0.59
25/06/25,17,0.58
25/06/25,18,0.6
25/06/25,19,nr
25/06/25,20,0.77
25/06/25,21,1
25/06/25,22,1.2
25/06/25,23,0.94
25/06/25,24,1.02
26/06/25,1,0.96
26/06/25,2,0.98
26/06/25,3,1
26/06/25,4,0.61
26/06/25,5,0.52
26/06/25,6,0.46
26/06/25,7,0.56
26/06/25,8,0.68
26/06/25,9,0.8
26/06/25,10,0.91
26/06/25,11,0.84
26/06/25,12,0.97
26/06/25,13,0.98
26/06/25,14,0.82
26/06/25,15,nr
26/06/25,16,0.94
26/06/25,17,0.89
26/06/25,18,0.62
26/06/25,19,0.7
26/06/25,20,nr
26/06/25,21,1.09
26/06/25,22,nr
26/06/25,23,nr
26/06/25,24,nr
27/06/25,1,nr
27/06/25,2,nr
27/06/25,3,1.04
27/06/25,4,nr
27/06/25,5,nr
27/06/25,6,nr
27/06/25,7,0.78
27/06/25,8,0.82
27/06/25,9,0.75
27/06/25,10,0.86
27/06/25,11,0.87
27/06/25,12,0.84
27/06/25,13,0.69
27/06/25,14,0.58
27/06/25,15,0.63
27/06/25,16,0.61
27/06/25,17,0.6
27/06/25,18,0.53
27/06/25,19,0.77
27/06/25,20,0.79
27/06/25,21,0.86
27/06/25,22,1.41
27/06/25,23,1.22
27/06/25,24,1.24
28/06/25,1,nr
28/06/25,2,nr
28/06/25,3,nr
28/06/25,4,0.48
28/06/25,5,0.45
28/06/25,6,0.45
28/06/25,7,0.43
28/06/25,8,nr
28/06/25,9,0.53
28/06/25,10,0.56
28/06/25,11,0.53
28/06/25,12,0.53
28/06/25,13,0.59
28/06/25,14,0.62
28/06/25,15,0.56
28/06/25,16,0.49
28/06/25,17,0.49
28/06/25,18,0.63
28/06/25,19,0.7
28/06/25,20,0.91
28/06/25,21,1.01
28/06/25,22,0.93
28/06/25,23,0.8
28/06/25,24,0.65
29/06/25,1,0.62
29/06/25,2,0.55
29/06/25,3,0.5
29/06/25,4,0.53
29/06/25,5,0.46
29/06/25,6,0.44
29/06/25,7,0.47
29/06/25,8,0.46
29/06/25,9,0.47
29/06/25,10,0.43
29/06/25,11,0.52
29/06/25,12,0.59
29/06/25,13,0.56
29/06/25,14,0.52
29/06/25,15,0.58
29/06/25,16,0.61
29/06/25,17,0.7
29/06/25,18,0.64
29/06/25,19,0.73
29/06/25,20,0.87
29/06/25,21,0.93
29/06/25,22,0.67
29/06/25,23,0.79
29/06/25,24,0.71
30/06/25,1,0.62
30/06/25,2,0.47
30/06/25,3,0.45
30/06/25,4,0.39
30/06/25,5,0.46
30/06/25,6,0.64
30/06/25,7,0.81
30/06/25,8,0.92
30/06/25,9,1.01
30/06/25,10,0.81
30/06/25,11,0.65
30/06/25,12,0.61
30/06/25,13,0.46
30/06/25,14,0.48
30/06/25,15,0.49
30/06/25,16,0.49
30/06/25,17,0.48
30/06/25,18,0.53
30/06/25,19,nr
30/06/25,20,0.6
30/06/25,21,0.64
30/06/25,22,0.64
30/06/25,23,0.59
30/06/25,24,0.59