HR %,,
Fecha,Hora,BJU
01/05/25,1,48
01/05/25,2,50
01/05/25,3,50
01/05/25,4,52
01/05/25,5,55
01/05/25,6,56
01/05/25,7,59
01/05/25,8,54
01/05/25,9,47
01/05/25,10,43
01/05/25,11,35
01/05/25,12,28
01/05/25,13,24
01/05/25,14,21
01/05/25,15,20
01/05/25,16,20
01/05/25,17,26
01/05/25,18,29
01/05/25,19,28
01/05/25,20,32
01/05/25,21,33
01/05/25,22,39
01/05/25,23,41
01/05/25,24,39
02/05/25,1,42
02/05/25,2,45
02/05/25,3,50
02/05/25,4,53
02/05/25,5,53
02/05/25,6,55
02/05/25,7,53
02/05/25,8,47
02/05/25,9,43
02/05/25,10,37
02/05/25,11,32
02/05/25,12,27
02/05/25,13,24
02/05/25,14,22
02/05/25,15,22
02/05/25,16,27
02/05/25,17,29
02/05/25,18,28
02/05/25,19,27
02/05/25,20,32
02/05/25,21,34
02/05/25,22,35
02/05/25,23,32
02/05/25,24,32
03/05/25,1,32
03/05/25,2,35
03/05/25,3,35
03/05/25,4,36
03/05/25,5,41
03/05/25,6,58
03/05/25,7,65
03/05/25,8,59
03/05/25,9,46
03/05/25,10,35
03/05/25,11,29
03/05/25,12,27
03/05/25,13,23
03/05/25,14,21
03/05/25,15,20
03/05/25,16,25
03/05/25,17,27
03/05/25,18,25
03/05/25,19,24
03/05/25,20,29
03/05/25,21,50
03/05/25,22,60
03/05/25,23,62
03/05/25,24,61
04/05/25,1,62
04/05/25,2,63
04/05/25,3,66
04/05/25,4,67
04/05/25,5,68
04/05/25,6,63
04/05/25,7,61
04/05/25,8,65
04/05/25,9,55
04/05/25,10,41
04/05/25,11,30
04/05/25,12,26
04/05/25,13,25
04/05/25,14,21
04/05/25,15,20
04/05/25,16,25
04/05/25,17,38
04/05/25,18,35
04/05/25,19,31
04/05/25,20,33
04/05/25,21,35
04/05/25,22,32
04/05/25,23,37
04/05/25,24,41
05/05/25,1,nr
05/05/25,2,41
05/05/25,3,44
05/05/25,4,nr
05/05/25,5,nr
05/05/25,6,45
05/05/25,7,nr
05/05/25,8,38
05/05/25,9,36
05/05/25,10,29
05/05/25,11,22
05/05/25,12,16
05/05/25,13,13
05/05/25,14,14
05/05/25,15,15
05/05/25,16,17
05/05/25,17,17
05/05/25,18,20
05/05/25,19,22
05/05/25,20,24
05/05/25,21,24
05/05/25,22,23
05/05/25,23,24
05/05/25,24,30
06/05/25,1,31
06/05/25,2,33
06/05/25,3,36
06/05/25,4,38
06/05/25,5,39
06/05/25,6,40
06/05/25,7,43
06/05/25,8,39
06/05/25,9,34
06/05/25,10,27
06/05/25,11,22
06/05/25,12,19
06/05/25,13,16
06/05/25,14,15
06/05/25,15,17
06/05/25,16,13
06/05/25,17,15
06/05/25,18,15
06/05/25,19,18
06/05/25,20,23
06/05/25,21,23
06/05/25,22,26
06/05/25,23,29
06/05/25,24,30
07/05/25,1,33
07/05/25,2,35
07/05/25,3,37
07/05/25,4,37
07/05/25,5,37
07/05/25,6,38
07/05/25,7,37
07/05/25,8,34
07/05/25,9,28
07/05/25,10,24
07/05/25,11,19
07/05/25,12,13
07/05/25,13,12
07/05/25,14,11
07/05/25,15,11
07/05/25,16,11
07/05/25,17,18
07/05/25,18,21
07/05/25,19,21
07/05/25,20,23
07/05/25,21,23
07/05/25,22,30
07/05/25,23,46
07/05/25,24,nr
08/05/25,1,nr
08/05/25,2,nr
08/05/25,3,nr
08/05/25,4,nr
08/05/25,5,nr
08/05/25,6,nr
08/05/25,7,nr
08/05/25,8,nr
08/05/25,9,40
08/05/25,10,34
08/05/25,11,28
08/05/25,12,23
08/05/25,13,19
08/05/25,14,17
08/05/25,15,22
08/05/25,16,27
08/05/25,17,35
08/05/25,18,33
08/05/25,19,35
08/05/25,20,37
08/05/25,21,36
08/05/25,22,38
08/05/25,23,42
08/05/25,24,45
09/05/25,1,49
09/05/25,2,49
09/05/25,3,53
09/05/25,4,54
09/05/25,5,53
09/05/25,6,56
09/05/25,7,59
09/05/25,8,54
09/05/25,9,44
09/05/25,10,37
09/05/25,11,32
09/05/25,12,29
09/05/25,13,26
09/05/25,14,25
09/05/25,15,27
09/05/25,16,32
09/05/25,17,42
09/05/25,18,42
09/05/25,19,nr
09/05/25,20,72
09/05/25,21,71
09/05/25,22,65
09/05/25,23,65
09/05/25,24,68
10/05/25,1,70
10/05/25,2,71
10/05/25,3,71
10/05/25,4,70
10/05/25,5,70
10/05/25,6,69
10/05/25,7,69
10/05/25,8,68
10/05/25,9,67
10/05/25,10,64
10/05/25,11,60
10/05/25,12,54
10/05/25,13,46
10/05/25,14,41
10/05/25,15,39
10/05/25,16,41
10/05/25,17,46
10/05/25,18,47
10/05/25,19,57
10/05/25,20,56
10/05/25,21,58
10/05/25,22,51
10/05/25,23,54
10/05/25,24,59
11/05/25,1,60
11/05/25,2,61
11/05/25,3,62
11/05/25,4,62
11/05/25,5,63
11/05/25,6,63
11/05/25,7,63
11/05/25,8,75
11/05/25,9,nr
11/05/25,10,82
11/05/25,11,79
11/05/25,12,71
11/05/25,13,67
11/05/25,14,62
11/05/25,15,47
11/05/25,16,38
11/05/25,17,38
11/05/25,18,37
11/05/25,19,36
11/05/25,20,40
11/05/25,21,46
11/05/25,22,51
11/05/25,23,54
11/05/25,24,54
12/05/25,1,54
12/05/25,2,58
12/05/25,3,61
12/05/25,4,66
12/05/25,5,66
12/05/25,6,66
12/05/25,7,67
12/05/25,8,60
12/05/25,9,54
12/05/25,10,46
12/05/25,11,37
12/05/25,12,27
12/05/25,13,22
12/05/25,14,19
12/05/25,15,18
12/05/25,16,18
12/05/25,17,19
12/05/25,18,21
12/05/25,19,21
12/05/25,20,22
12/05/25,21,27
12/05/25,22,27
12/05/25,23,29
12/05/25,24,30
13/05/25,1,31
13/05/25,2,33
13/05/25,3,35
13/05/25,4,49
13/05/25,5,55
13/05/25,6,53
13/05/25,7,50
13/05/25,8,49
13/05/25,9,43
13/05/25,10,39
13/05/25,11,35
13/05/25,12,30
13/05/25,13,25
13/05/25,14,23
13/05/25,15,18
13/05/25,16,19
13/05/25,17,19
13/05/25,18,18
13/05/25,19,18
13/05/25,20,19
13/05/25,21,33
13/05/25,22,38
13/05/25,23,40
13/05/25,24,43
14/05/25,1,45
14/05/25,2,47
14/05/25,3,51
14/05/25,4,53
14/05/25,5,54
14/05/25,6,55
14/05/25,7,54
14/05/25,8,48
14/05/25,9,44
14/05/25,10,39
14/05/25,11,34
14/05/25,12,26
14/05/25,13,22
14/05/25,14,20
14/05/25,15,17
14/05/25,16,16
14/05/25,17,16
14/05/25,18,23
14/05/25,19,25
14/05/25,20,32
14/05/25,21,33
14/05/25,22,33
14/05/25,23,36
14/05/25,24,34
15/05/25,1,34
15/05/25,2,37
15/05/25,3,42
15/05/25,4,47
15/05/25,5,48
15/05/25,6,52
15/05/25,7,52
15/05/25,8,45
15/05/25,9,38
15/05/25,10,32
15/05/25,11,24
15/05/25,12,13
15/05/25,13,12
15/05/25,14,8
15/05/25,15,7
15/05/25,16,7
15/05/25,17,6
15/05/25,18,7
15/05/25,19,13
15/05/25,20,24
15/05/25,21,19
15/05/25,22,20
15/05/25,23,22
15/05/25,24,23
16/05/25,1,26
16/05/25,2,26
16/05/25,3,26
16/05/25,4,33
16/05/25,5,39
16/05/25,6,53
16/05/25,7,56
16/05/25,8,51
16/05/25,9,41
16/05/25,10,32
16/05/25,11,26
16/05/25,12,20
16/05/25,13,15
16/05/25,14,13
16/05/25,15,12
16/05/25,16,13
16/05/25,17,12
16/05/25,18,17
16/05/25,19,32
16/05/25,20,38
16/05/25,21,39
16/05/25,22,40
16/05/25,23,37
16/05/25,24,42
17/05/25,1,47
17/05/25,2,42
17/05/25,3,42
17/05/25,4,48
17/05/25,5,49
17/05/25,6,52
17/05/25,7,53
17/05/25,8,52
17/05/25,9,47
17/05/25,10,42
17/05/25,11,37
17/05/25,12,32
17/05/25,13,27
17/05/25,14,24
17/05/25,15,20
17/05/25,16,20
17/05/25,17,20
17/05/25,18,40
17/05/25,19,35
17/05/25,20,40
17/05/25,21,54
17/05/25,22,55
17/05/25,23,55
17/05/25,24,54
18/05/25,1,55
18/05/25,2,58
18/05/25,3,54
18/05/25,4,54
18/05/25,5,55
18/05/25,6,56
18/05/25,7,58
18/05/25,8,55
18/05/25,9,47
18/05/25,10,43
18/05/25,11,39
18/05/25,12,34
18/05/25,13,29
18/05/25,14,22
18/05/25,15,23
18/05/25,16,27
18/05/25,17,35
18/05/25,18,38
18/05/25,19,37
18/05/25,20,35
18/05/25,21,42
18/05/25,22,44
18/05/25,23,46
18/05/25,24,47
19/05/25,1,49
19/05/25,2,54
19/05/25,3,57
19/05/25,4,56
19/05/25,5,55
19/05/25,6,58
19/05/25,7,58
19/05/25,8,53
19/05/25,9,49
19/05/25,10,42
19/05/25,11,34
19/05/25,12,27
19/05/25,13,21
19/05/25,14,18
19/05/25,15,16
19/05/25,16,17
19/05/25,17,20
19/05/25,18,23
19/05/25,19,36
19/05/25,20,43
19/05/25,21,43
19/05/25,22,47
19/05/25,23,46
19/05/25,24,46
20/05/25,1,45
20/05/25,2,47
20/05/25,3,48
20/05/25,4,52
20/05/25,5,60
20/05/25,6,59
20/05/25,7,59
20/05/25,8,54
20/05/25,9,48
20/05/25,10,38
20/05/25,11,31
20/05/25,12,28
20/05/25,13,25
20/05/25,14,22
20/05/25,15,19
20/05/25,16,19
20/05/25,17,18
20/05/25,18,22
20/05/25,19,37
20/05/25,20,42
20/05/25,21,38
20/05/25,22,38
20/05/25,23,39
20/05/25,24,39
21/05/25,1,42
21/05/25,2,47
21/05/25,3,52
21/05/25,4,53
21/05/25,5,56
21/05/25,6,57
21/05/25,7,56
21/05/25,8,60
21/05/25,9,58
21/05/25,10,52
21/05/25,11,44
21/05/25,12,34
21/05/25,13,27
21/05/25,14,23
21/05/25,15,17
21/05/25,16,13
21/05/25,17,20
21/05/25,18,29
21/05/25,19,53
21/05/25,20,60
21/05/25,21,48
21/05/25,22,46
21/05/25,23,60
21/05/25,24,75
22/05/25,1,74
22/05/25,2,74
22/05/25,3,73
22/05/25,4,73
22/05/25,5,71
22/05/25,6,68
22/05/25,7,70
22/05/25,8,68
22/05/25,9,64
22/05/25,10,58
22/05/25,11,48
22/05/25,12,41
22/05/25,13,36
22/05/25,14,28
22/05/25,15,19
22/05/25,16,17
22/05/25,17,24
22/05/25,18,26
22/05/25,19,30
22/05/25,20,37
22/05/25,21,43
22/05/25,22,41
22/05/25,23,39
22/05/25,24,39
23/05/25,1,46
23/05/25,2,49
23/05/25,3,48
23/05/25,4,52
23/05/25,5,53
23/05/25,6,58
23/05/25,7,60
23/05/25,8,58
23/05/25,9,57
23/05/25,10,48
23/05/25,11,41
23/05/25,12,36
23/05/25,13,24
23/05/25,14,18
23/05/25,15,17
23/05/25,16,18
23/05/25,17,19
23/05/25,18,27
23/05/25,19,38
23/05/25,20,nr
23/05/25,21,nr
23/05/25,22,nr
23/05/25,23,nr
23/05/25,24,nr
24/05/25,1,nr
24/05/25,2,nr
24/05/25,3,nr
24/05/25,4,nr
24/05/25,5,nr
24/05/25,6,nr
24/05/25,7,nr
24/05/25,8,nr
24/05/25,9,67
24/05/25,10,53
24/05/25,11,43
24/05/25,12,35
24/05/25,13,29
24/05/25,14,29
24/05/25,15,29
24/05/25,16,28
24/05/25,17,32
24/05/25,18,32
24/05/25,19,39
24/05/25,20,40
24/05/25,21,42
24/05/25,22,45
24/05/25,23,45
24/05/25,24,46
25/05/25,1,49
25/05/25,2,nr
25/05/25,3,nr
25/05/25,4,nr
25/05/25,5,nr
25/05/25,6,nr
25/05/25,7,nr
25/05/25,8,nr
25/05/25,9,63
25/05/25,10,56
25/05/25,11,51
25/05/25,12,46
25/05/25,13,41
25/05/25,14,39
25/05/25,15,40
25/05/25,16,39
25/05/25,17,42
25/05/25,18,74
25/05/25,19,77
25/05/25,20,74
25/05/25,21,70
25/05/25,22,66
25/05/25,23,69
25/05/25,24,74
26/05/25,1,77
26/05/25,2,77
26/05/25,3,77
26/05/25,4,76
26/05/25,5,75
26/05/25,6,78
26/05/25,7,79
26/05/25,8,76
26/05/25,9,69
26/05/25,10,61
26/05/25,11,51
26/05/25,12,45
26/05/25,13,43
26/05/25,14,40
26/05/25,15,36
26/05/25,16,60
26/05/25,17,74
26/05/25,18,75
26/05/25,19,72
26/05/25,20,72
26/05/25,21,69
26/05/25,22,69
26/05/25,23,72
26/05/25,24,71
27/05/25,1,73
27/05/25,2,77
27/05/25,3,79
27/05/25,4,79
27/05/25,5,76
27/05/25,6,76
27/05/25,7,75
27/05/25,8,74
27/05/25,9,69
27/05/25,10,59
27/05/25,11,50
27/05/25,12,44
27/05/25,13,39
27/05/25,14,33
27/05/25,15,34
27/05/25,16,38
27/05/25,17,41
27/05/25,18,47
27/05/25,19,56
27/05/25,20,61
27/05/25,21,64
27/05/25,22,66
27/05/25,23,75
27/05/25,24,77
28/05/25,1,78
28/05/25,2,78
28/05/25,3,79
28/05/25,4,79
28/05/25,5,75
28/05/25,6,72
28/05/25,7,72
28/05/25,8,68
28/05/25,9,64
28/05/25,10,52
28/05/25,11,42
28/05/25,12,40
28/05/25,13,40
28/05/25,14,41
28/05/25,15,38
28/05/25,16,38
28/05/25,17,43
28/05/25,18,43
28/05/25,19,49
28/05/25,20,53
28/05/25,21,63
28/05/25,22,70
28/05/25,23,67
28/05/25,24,73
29/05/25,1,84
29/05/25,2,86
29/05/25,3,87
29/05/25,4,87
29/05/25,5,87
29/05/25,6,86
29/05/25,7,85
29/05/25,8,81
29/05/25,9,75
29/05/25,10,67
29/05/25,11,61
29/05/25,12,50
29/05/25,13,42
29/05/25,14,39
29/05/25,15,43
29/05/25,16,43
29/05/25,17,48
29/05/25,18,46
29/05/25,19,48
29/05/25,20,54
29/05/25,21,69
29/05/25,22,80
29/05/25,23,82
29/05/25,24,81
30/05/25,1,81
30/05/25,2,81
30/05/25,3,81
30/05/25,4,81
30/05/25,5,79
30/05/25,6,79
30/05/25,7,82
30/05/25,8,80
30/05/25,9,72
30/05/25,10,62
30/05/25,11,51
30/05/25,12,41
30/05/25,13,37
30/05/25,14,33
30/05/25,15,33
30/05/25,16,38
30/05/25,17,40
30/05/25,18,39
30/05/25,19,41
30/05/25,20,46
30/05/25,21,57
30/05/25,22,61
30/05/25,23,67
30/05/25,24,70
31/05/25,1,73
31/05/25,2,73
31/05/25,3,72
31/05/25,4,72
31/05/25,5,71
31/05/25,6,76
31/05/25,7,78
31/05/25,8,75
31/05/25,9,66
31/05/25,10,54
31/05/25,11,46
31/05/25,12,39
31/05/25,13,35
31/05/25,14,32
31/05/25,15,39
31/05/25,16,56
31/05/25,17,79
31/05/25,18,81
31/05/25,19,81
31/05/25,20,84
31/05/25,21,84
31/05/25,22,85
31/05/25,23,85
31/05/25,24,85